action,blood glucose,reward,mean_reward,TIR (%),meal,risk,time
[0.],143.23209,15.0,15.0,0.0,0.0,1.129268009580663,2025-01-01 00:03:00
[0.],142.12518,15.0,15.0,0.0,0.0,1.1351773602943718,2025-01-01 00:06:00
[0.],141.80408,15.0,15.0,0.0,0.0,1.1627815454330495,2025-01-01 00:09:00
[0.],141.92317,15.0,15.0,0.0,0.0,1.1971702077606714,2025-01-01 00:12:00
[0.],142.24144,15.0,15.0,0.0,0.0,1.2309842534578168,2025-01-01 00:15:00
[0.],142.57512,15.0,15.0,0.0,0.0,1.260965433737894,2025-01-01 00:18:00
[0.],142.77074,15.0,15.0,0.0,0.0,1.286068631837676,2025-01-01 00:21:00
[0.],142.6901,15.0,15.0,0.0,0.0,1.3063863726721292,2025-01-01 00:24:00
[0.],142.21097,15.0,15.0,0.0,0.0,1.3225376982302697,2025-01-01 00:27:00
[0.],141.26773,15.0,15.0,0.0,0.0,1.3353318049474745,2025-01-01 00:30:00
[0.],139.87624,15.0,15.0,0.0,0.0,1.3455935034511564,2025-01-01 00:33:00
[0.],138.06964,15.0,15.0,0.0,0.0,1.354081525965454,2025-01-01 00:36:00
[0.],135.88014,15.0,15.0,0.0,0.0,1.3614579381188023,2025-01-01 00:39:00
[0.],133.35881,15.0,15.0,0.0,0.0,1.3682840082953724,2025-01-01 00:42:00
[0.],130.67558,15.0,15.0,0.0,0.0,1.3750284637239418,2025-01-01 00:45:00
[0.],128.17929,15.0,15.0,6.25,0.0,1.382080441864295,2025-01-01 00:48:00
[0.18420105],126.25803,15.0,15.0,11.76470588235294,0.0,1.3897631233333165,2025-01-01 00:51:00
[0.18366706],125.29925,15.0,15.0,16.666666666666664,0.0,1.3983427403018343,2025-01-01 00:54:00
[0.183395],125.63827,15.0,15.0,21.052631578947366,0.0,1.4080147423182505,2025-01-01 00:57:00
[0.18349162],127.300674,15.0,15.0,25.0,0.0,1.4188652996429199,2025-01-01 01:00:00
[0.18395868],129.84756,15.0,15.0,28.57142857142857,0.0,1.430836265291572,2025-01-01 01:03:00
[0.18465279],132.73557,15.0,15.0,27.27272727272727,0.0,1.4437069409408894,2025-01-01 01:06:00
[0.],135.41974,15.0,15.0,26.08695652173913,0.0,1.45709177879911,2025-01-01 01:09:00
[0.],137.4016,15.0,15.0,25.0,0.0,1.4704534953342117,2025-01-01 01:12:00
[0.],138.46889,15.0,15.0,24.0,0.0,1.4831459249292298,2025-01-01 01:15:00
[0.],138.84001,15.0,15.0,23.076923076923077,0.0,1.4944854971680832,2025-01-01 01:18:00
[0.],138.82927,15.0,15.0,22.22222222222222,0.0,1.5038197978626013,2025-01-01 01:21:00
[0.],138.75168,15.0,15.0,21.428571428571427,0.0,1.5105771220486122,2025-01-01 01:24:00
[0.],138.89725,15.0,15.0,20.689655172413794,0.0,1.5142964054223682,2025-01-01 01:27:00
[0.],139.40138,15.0,15.0,20.0,0.0,1.5146412075627889,2025-01-01 01:30:00
[0.],140.16705,15.0,15.0,19.35483870967742,0.0,1.5114019569806312,2025-01-01 01:33:00
[0.],141.04637,15.0,15.0,18.75,0.0,1.5044901305554093,2025-01-01 01:36:00
[0.],141.89246,15.0,15.0,18.181818181818183,0.0,1.493927269460359,2025-01-01 01:39:00
[0.],142.56447,15.0,15.0,17.647058823529413,0.0,1.4798310107935306,2025-01-01 01:42:00
[0.],142.95326,15.0,15.0,17.142857142857142,0.0,1.46239971840951,2025-01-01 01:45:00
[0.],142.9968,15.0,15.0,16.666666666666664,0.0,1.4418968333266555,2025-01-01 01:48:00
[0.],142.64383,15.0,15.0,16.216216216216218,0.0,1.4186357145988662,2025-01-01 01:51:00
[0.],141.84352,15.0,15.0,15.789473684210526,0.0,1.3929654818898374,2025-01-01 01:54:00
[0.],140.55441,15.0,15.0,15.384615384615385,0.0,1.36525817963367,2025-01-01 01:57:00
[0.],138.79,15.0,15.0,15.0,0.0,1.335897442286571,2025-01-01 02:00:00
[0.],136.64595,15.0,15.0,14.634146341463413,0.0,1.3052687376097212,2025-01-01 02:03:00
[0.],134.23631,15.0,15.0,14.285714285714285,0.0,1.2737511904686816,2025-01-01 02:06:00
[0.],131.67506,15.0,15.0,13.953488372093023,0.0,1.2417109362320164,2025-01-01 02:09:00
[0.],129.07619,15.0,15.0,15.909090909090908,0.0,1.209495915381817,2025-01-01 02:12:00
[0.18444528],126.55353,15.0,15.0,17.77777777777778,0.0,1.1774319441581151,2025-01-01 02:15:00
[0.18375018],124.22085,15.0,15.0,19.565217391304348,0.0,1.1458168678997602,2025-01-01 02:18:00
[0.1830844],122.19155,15.0,15.0,21.27659574468085,0.0,1.114897756389876,2025-01-01 02:21:00
[0.1824865],120.57837,15.0,15.0,22.916666666666664,0.0,1.084831778034136,2025-01-01 02:24:00
[0.18199842],118.83915,15.0,15.0,24.489795918367346,0.0,1.0556565755850902,2025-01-01 02:27:00
[0.18145902],116.357216,15.0,15.0,26.0,0.0,1.0272801802148377,2025-01-01 02:30:00
[0.18066497],114.35042,15.0,15.0,27.450980392156865,0.0,0.9994872209409155,2025-01-01 02:33:00
[0.18000121],112.769806,15.0,15.0,28.846153846153843,0.0,0.9719558436869742,2025-01-01 02:36:00
[0.17946428],111.56523,15.0,15.0,30.18867924528302,0.0,0.9442807054490803,2025-01-01 02:39:00
[0.17904648],110.68555,15.0,15.0,31.48148148148148,0.0,0.9159988828897336,2025-01-01 02:42:00
[0.17873658],110.078865,15.0,15.0,32.72727272727273,0.0,0.8866167532451531,2025-01-01 02:45:00
[0.17852047],109.69277,15.0,15.0,33.92857142857143,0.0,0.8556367671576133,2025-01-01 02:48:00
[0.1783819],109.474556,15.0,15.0,35.08771929824561,0.0,0.8225835614750492,2025-01-01 02:51:00
[0.17830323],109.37143,15.0,15.0,36.206896551724135,0.0,0.7870291265481327,2025-01-01 02:54:00
[0.17826596],109.33084,15.0,15.0,37.28813559322034,0.0,0.7486168385739816,2025-01-01 02:57:00
[0.17825128],109.301414,15.0,15.0,38.333333333333336,0.0,0.7070841716483414,2025-01-01 03:00:00
[0.17824063],109.23354,15.0,15.0,39.34426229508197,0.0,0.6622838668591213,2025-01-01 03:03:00
[0.17821603],109.07842,15.0,15.0,40.32258064516129,0.0,0.6142032894232292,2025-01-01 03:06:00
[0.17815974],108.7879,15.0,15.0,41.269841269841265,0.0,0.5629816690347796,2025-01-01 03:09:00
[0.17805399],108.327965,15.0,15.0,42.1875,0.0,0.508924900090275,2025-01-01 03:12:00
[0.17788558],107.74614,15.0,15.0,43.07692307692308,0.0,0.45251757955241056,2025-01-01 03:15:00
[0.17767085],107.21195,15.0,15.0,43.93939393939394,0.0,0.39443197839691957,2025-01-01 03:18:00
[0.17747207],106.92265,15.0,15.0,44.776119402985074,0.0,0.3355336744994871,2025-01-01 03:21:00
[0.17736375],107.076385,15.0,15.0,45.588235294117645,0.0,0.2768836168656409,2025-01-01 03:24:00
[0.17742136],107.84167,15.0,15.0,46.3768115942029,0.0,0.21973644175376308,2025-01-01 03:27:00
[0.17770624],109.20521,15.0,15.0,47.14285714285714,0.0,0.1655349229219743,2025-01-01 03:30:00
[0.17820579],110.88055,15.0,15.0,47.88732394366197,0.0,0.11590051605580061,2025-01-01 03:33:00
[0.17880566],112.52111,13.0,14.972222222222221,48.61111111111111,0.0,0.07262005341352516,2025-01-01 03:36:00
[0.17937864],113.781075,13.0,14.945205479452055,49.31506849315068,0.0,0.03762875379941448,2025-01-01 03:39:00
[0.17980927],114.34052,13.0,14.91891891891892,50.0,0.0,0.012989822145697348,2025-01-01 03:42:00
[0.17999789],114.031715,13.0,14.893333333333333,50.66666666666667,0.0,0.0008710017562236812,2025-01-01 03:45:00
[0.17989394],112.914764,13.0,14.868421052631579,51.31578947368421,0.0,0.003518496387868962,2025-01-01 03:48:00
[0.17951405],111.10075,13.0,14.844155844155845,51.94805194805194,0.0,0.023228701568003916,2025-01-01 03:51:00
[0.17888336],108.70118,13.0,14.820512820512821,52.56410256410257,0.0,0.06231818679068416,2025-01-01 03:54:00
[0.17802231],105.827896,13.0,14.79746835443038,53.16455696202531,0.0,0.1230923686362217,2025-01-01 03:57:00
[0.17694946],102.59347,13.0,14.775,53.75,0.0,0.20781332519001988,2025-01-01 04:00:00
[0.17568451],99.11126,13.0,14.753086419753087,54.32098765432099,0.0,0.3186672289357998,2025-01-01 04:03:00
[0.17425106],95.49488,13.0,14.731707317073171,54.87804878048781,0.0,0.4577319132356096,2025-01-01 04:06:00
[0.17267907],91.857956,11.5,14.69277108433735,55.42168674698795,0.0,0.6269451277884217,2025-01-01 04:09:00
[0.17100714],88.29072,11.5,14.654761904761905,55.952380952380956,0.0,0.828074073751567,2025-01-01 04:12:00
[0.16927303],84.74306,11.5,14.617647058823529,56.470588235294116,0.0,1.0626868334347357,2025-01-01 04:15:00
[0.1674503],80.95434,11.5,14.581395348837209,56.97674418604651,0.0,1.3321263187486339,2025-01-01 04:18:00
[0.16538908],76.61701,11.5,14.545977011494253,57.47126436781609,0.0,1.637487351758356,2025-01-01 04:21:00
[0.16287497],71.42323,11.5,14.511363636363637,57.95454545454546,0.0,1.9795974465309294,2025-01-01 04:24:00
[0.15963298],65.1215,-2.158876419067383,14.324057568325086,57.30337078651685,0.0,2.359001764027411,2025-01-01 04:27:00
[0.15533619],57.79959,-7.650306701660156,14.07989796532525,56.666666666666664,0.0,2.7759525472921815,2025-01-01 04:30:00
[0.14980856],50.05445,-13.459161758422852,13.777270935393952,56.043956043956044,0.0,3.2304031213766176,2025-01-01 04:33:00
[0.14330196],42.94217,-20.0,13.410126686096191,55.434782608695656,0.0,3.7220062878699176,2025-01-01 04:36:00
[0.1367127],39.0,-20.0,13.050878012052147,54.83870967741935,0.0,4.2501167198248755,2025-01-01 04:39:00
[0.13279931],39.0,-20.0,12.69927292681755,54.25531914893617,0.0,4.813796892046138,2025-01-01 04:42:00
[0.13279931],39.0,-20.0,12.35507005390368,53.68421052631579,0.0,5.411826338518245,2025-01-01 04:45:00
[0.13279931],39.0,-20.0,12.018038074175516,53.125,0.0,6.042714809628426,2025-01-01 04:48:00
[0.13279931],39.132435,-20.0,11.68795520743144,52.57731958762887,0.0,6.704720744583951,2025-01-01 04:51:00
[0.13293394],43.55808,-18.33144187927246,11.381634828995685,52.04081632653062,0.0,7.395876037049435,2025-01-01 04:54:00
[0.13730696],51.510014,-10.8674898147583,11.156896196230493,51.515151515151516,0.0,8.114016654922862,2025-01-01 04:57:00
[0.14457756],50.4606,-11.654548645019531,10.928781747817993,51.0,0.0,8.85681798467344,2025-01-01 05:00:00
[0.14366037],49.59869,-12.300983428955078,10.698784072800438,50.495049504950494,0.0,9.621834377374123,2025-01-01 05:03:00
[0.14289749],48.95168,-12.78624153137207,10.468538723739924,50.0,0.0,10.406542772521341,2025-01-01 05:06:00
[0.14231914],48.546642,-13.090017318725586,10.239814878667442,49.51456310679612,0.0,11.208387810145675,2025-01-01 05:09:00
[0.1419546],48.41032,-13.1922607421875,10.014506459236145,49.03846153846153,0.0,12.024824244003751,2025-01-01 05:12:00
[0.14183147],48.56917,-13.073122024536133,9.794624283200218,48.57142857142857,0.0,12.8533545748168,2025-01-01 05:15:00
[0.14197493],49.049393,-12.712956428527832,9.582288616108444,48.113207547169814,0.0,13.691561497655885,2025-01-01 05:18:00
[0.1424068],49.87694,-12.092292785644531,9.37972243478365,47.66355140186916,0.0,14.537135335096494,2025-01-01 05:21:00
[0.14314471],51.077595,-11.191803932189941,9.189245338793155,47.22222222222222,0.0,15.387896801465546,2025-01-01 05:24:00
[0.14420116],52.662365,-10.003226280212402,9.013167617517874,46.788990825688074,0.0,16.241815484380556,2025-01-01 05:27:00
[0.14557002],54.55456,-8.584078788757324,8.853192650188099,46.36363636363636,0.0,17.09702442500841,2025-01-01 05:30:00
[0.14716642],56.54603,-7.090478897094727,8.709555969581947,45.94594594594595,0.0,17.95183116234427,2025-01-01 05:33:00
[0.14880212],58.399338,-5.700496673583984,8.580894785267967,45.535714285714285,0.0,18.80472558405463,2025-01-01 05:36:00
[0.15028375],59.877003,-4.592248439788818,8.46431829655065,45.13274336283185,0.0,19.654384874296746,2025-01-01 05:39:00
[0.15143733],60.761932,-3.9285507202148438,8.355608919210601,44.73684210526316,0.0,20.49967574728548,2025-01-01 05:42:00
[0.15211642],60.959595,-3.780303955078125,8.250079242042872,44.34782608695652,0.0,21.339654032799515,2025-01-01 05:45:00
[0.15226695],60.559357,-4.080482482910156,8.143781296138105,43.96551724137931,0.0,22.173561596878542,2025-01-01 05:48:00
[0.15196176],59.69144,-4.731419086456299,8.033736848423624,43.58974358974359,0.0,23.000820566410148,2025-01-01 05:51:00
[0.15129381],58.486095,-5.635428428649902,7.917896464719611,43.22033898305085,0.0,23.821024893312554,2025-01-01 05:54:00
[0.15035217],57.06541,-6.700942039489746,7.795049082331297,42.857142857142854,0.0,24.633929446186144,2025-01-01 05:57:00
[0.14922129],55.502472,-7.873146057128906,7.664480789502462,42.5,0.0,25.43943701181542,2025-01-01 06:00:00
[0.14795065],53.79682,-9.152383804321289,7.525498437487389,42.14876033057851,0.0,26.237583741066203,2025-01-01 06:03:00
[0.14653207],51.93172,-10.551209449768066,7.377328700706607,41.80327868852459,0.0,27.028523645093493,2025-01-01 06:06:00
[0.14494254],49.890476,-12.082143783569336,7.21912160733851,41.46341463414634,0.0,27.812512734244486,2025-01-01 06:09:00
[0.14315672],47.666855,-13.749858856201172,7.050016926180932,41.12903225806452,0.0,28.589893302900258,2025-01-01 06:12:00
[0.14115615],45.31701,-15.512243270874023,6.869518844604492,40.8,0.0,29.361078731372025,2025-01-01 06:15:00
[0.13897918],42.990623,-17.25703239440918,6.678038279215495,40.476190476190474,0.0,30.126539041634675,2025-01-01 06:18:00
[0.13675962],40.858242,-18.8563175201416,6.476980359535518,40.15748031496063,0.0,30.88678734043185,2025-01-01 06:21:00
[0.13466798],39.38228,-19.96329116821289,6.270415738224983,39.84375,0.0,31.642367235623155,2025-01-01 06:24:00
[0.13318731],39.0,-20.0,6.066769104595332,39.53488372093023,0.0,32.393841342956634,2025-01-01 06:27:00
[0.13279931],39.0,-20.0,5.866255496098445,39.23076923076923,0.0,33.14178110787274,2025-01-01 06:30:00
[0.13279931],39.0,-20.0,5.6688031640671595,38.93129770992366,0.0,33.88675837748058,2025-01-01 06:33:00
[0.13279931],39.0,-20.0,5.474342534036348,38.63636363636363,0.0,34.629339353768216,2025-01-01 06:36:00
[0.13279931],39.0,-20.0,5.282806124005999,38.34586466165413,0.0,35.37008125105875,2025-01-01 06:39:00
[0.13279931],39.04578,-20.0,5.094128466364163,38.059701492537314,0.0,36.10953126373592,2025-01-01 06:42:00
[0.13284588],39.448215,-19.913837432861328,4.908884274518049,37.77777777777778,0.0,36.84822708105298,2025-01-01 06:45:00
[0.13325405],40.39888,-19.20083999633789,4.731606890173519,37.5,0.0,37.58669826051327,2025-01-01 06:48:00
[0.13421008],41.391655,-18.45625877380371,4.562352396275875,37.22627737226277,0.0,38.32546801453493,2025-01-01 06:51:00
[0.1351964],42.390514,-17.707115173339844,4.400979442872863,36.95652173913043,0.0,39.06505529336104,2025-01-01 06:54:00
[0.13617657],43.357216,-16.982088088989258,4.247144424658027,36.69064748201439,0.0,39.805977323208175,2025-01-01 06:57:00
[0.13711366],44.24014,-16.319896697998047,4.100236988067627,36.42857142857142,0.0,40.54875264372228,2025-01-01 07:00:00
[0.13795975],44.96756,-15.774330139160156,3.9592826112787773,36.17021276595745,0.0,41.2939043690448,2025-01-01 07:03:00
[0.13864987],45.463295,-15.402528762817383,3.822931826954157,35.91549295774648,0.0,42.04196331977019,2025-01-01 07:06:00
[0.13911659],45.651196,-15.261604309082031,3.689473532296561,35.66433566433567,0.0,42.793470738915175,2025-01-01 07:09:00
[0.13929273],45.455128,-15.408655166625977,3.5568476385540433,35.41666666666667,0.0,43.548980373566096,2025-01-01 07:12:00
[0.13910893],44.798973,-15.90077018737793,3.422657170788995,35.172413793103445,0.0,44.30905975424324,2025-01-01 07:15:00
[0.13849048],43.60663,-16.795028686523438,3.284179870396444,34.93150684931507,0.0,45.0742905373042,2025-01-01 07:18:00
[0.13735361],41.802013,-18.14849090576172,3.1383793889259803,34.69387755102041,0.0,45.8452678038844,2025-01-01 07:21:00
[0.13560055],39.86952,-19.597862243652344,2.9847561346518026,34.45945945945946,0.0,46.62259823007912,2025-01-01 07:24:00
[0.13367915],39.0,-20.0,2.830496026365549,34.22818791946309,0.0,47.40689705172209,2025-01-01 07:27:00
[0.13279931],39.0,-20.0,2.678292719523112,34.0,0.0,48.19878379007118,2025-01-01 07:30:00
[0.13279931],39.0,-20.0,2.5281053505196476,33.77483443708609,0.0,48.99887703298057,2025-01-01 07:33:00
[0.13279931],39.0,-20.0,2.379894131108334,33.55263157894737,0.0,49.807789342529,2025-01-01 07:36:00
[0.13279931],39.0,-20.0,2.233620313257953,33.33333333333333,0.0,50.62612369828021,2025-01-01 07:39:00
[0.13279931],39.0,-20.0,2.0892461553796546,33.116883116883116,0.0,51.45447204408627,2025-01-01 07:42:00
[0.13279931],39.0,-20.0,1.9467348898610761,32.903225806451616,0.0,52.29341554863444,2025-01-01 07:45:00
[0.13279931],39.0,-20.0,1.8060506918491461,32.69230769230769,0.0,53.14352595260034,2025-01-01 07:48:00
[0.13279931],39.0,-20.0,1.6671586492259032,32.48407643312102,0.0,54.005367496376635,2025-01-01 07:51:00
[0.13279931],39.0,-20.0,1.5300247337244735,32.278481012658226,0.0,54.87949908844952,2025-01-01 07:54:00
[0.13279931],39.0,-20.0,1.3946157731350113,32.075471698113205,0.0,55.76647650789343,2025-01-01 07:57:00
[0.13279931],39.0,-20.0,1.2608994245529175,31.874999999999996,0.0,56.66685452673369,2025-01-01 08:00:00
[0.13279931],39.0,-20.0,1.1288441486240173,31.67701863354037,0.0,57.58118889696971,2025-01-01 08:03:00
[0.13279931],39.0,-20.0,0.9984191847436222,31.48148148148148,0.0,58.51003818273607,2025-01-01 08:06:00
[0.13279931],39.0,-20.0,0.8695945271685079,31.28834355828221,0.0,59.45396543849178,2025-01-01 08:09:00
[0.13279931],39.0,-20.0,0.7423409020028463,31.097560975609756,0.0,60.413539745037085,2025-01-01 08:12:00
[0.13279931],39.0,-20.0,0.6166297450210109,30.909090909090907,0.0,61.38933762037177,2025-01-01 08:15:00
[0.13279931],39.0,-20.0,0.49243318029196864,30.72289156626506,0.0,62.38194432434034,2025-01-01 08:18:00
[0.13279931],39.0,-20.0,0.36972399957165747,30.538922155688624,0.0,63.39195507614201,2025-01-01 08:21:00
[0.13279931],39.0,-20.0,0.24847564243134998,30.357142857142854,0.0,64.41997620298257,2025-01-01 08:24:00
[0.13279931],39.0,-20.0,0.1286621770915195,30.17751479289941,0.0,65.46662623693214,2025-01-01 08:27:00
[0.13279931],39.0,-20.0,0.010258281932157628,30.0,0.0,66.53253697570655,2025-01-01 08:30:00
[0.13279931],39.0,-20.0,-0.10676077234814739,29.82456140350877,0.0,67.61835452176884,2025-01-01 08:33:00
[0.13279931],39.0,-20.0,-0.22241913995077445,29.651162790697676,0.0,68.72474031293007,2025-01-01 08:36:00
[0.13279931],39.0,-20.0,-0.3367404165984578,29.47976878612717,0.0,69.85237215655171,2025-01-01 08:39:00
[0.13279931],39.0,-20.0,-0.44974765558352414,29.310344827586203,0.0,71.00194527852858,2025-01-01 08:42:00
[0.13279931],39.0,-20.0,-0.5614633832659041,29.142857142857142,0.0,72.17417339746171,2025-01-01 08:45:00
[0.13279931],39.0,-20.0,-0.6719096140428023,28.97727272727273,0.0,73.36978983381226,2025-01-01 08:48:00
[0.13279931],39.0,-20.0,-0.7811078648109221,28.8135593220339,0.0,74.58954866334719,2025-01-01 08:51:00
[0.13279931],39.0,-20.0,-0.8890791689411978,28.651685393258425,0.0,75.83422592384676,2025-01-01 08:54:00
[0.13279931],39.0,-20.0,-0.9958440897851016,28.49162011173184,0.0,77.10462088382414,2025-01-01 08:57:00
[0.13279931],39.0,-20.0,-1.10142273373074,28.333333333333332,0.0,78.40155738191314,2025-01-01 09:00:00
[0.13279931],39.0,-20.0,-1.2058347628261503,28.176795580110497,0.0,79.72588524559848,2025-01-01 09:03:00
[0.13279931],39.0,-20.0,-1.3090994069864461,28.021978021978022,0.0,81.07848179809781,2025-01-01 09:06:00
[0.13279931],39.0,-20.0,-1.411235475800728,27.86885245901639,0.0,82.46025346244686,2025-01-01 09:09:00
[0.13279931],39.0,-20.0,-1.5122613699539849,27.717391304347828,0.0,83.87213747219606,2025-01-01 09:12:00
[0.13279931],39.0,-20.0,-1.612195092278558,27.56756756756757,0.0,85.3151036985954,2025-01-01 09:15:00
[0.13279931],39.0,-20.0,-1.7110542584491033,27.419354838709676,0.0,86.79015660472906,2025-01-01 09:18:00
[0.13279931],39.0,-20.0,-1.808856107334402,27.27272727272727,0.0,88.29833733776823,2025-01-01 09:21:00
[0.13279931],39.0,-20.0,-1.9056175110187936,27.127659574468083,0.0,89.84072597134544,2025-01-01 09:24:00
[0.13279931],39.0,-20.0,-2.0013549845054666,26.984126984126984,0.0,91.41844391102617,2025-01-01 09:27:00
[0.13279931],39.0,-20.0,-2.0960846951133325,26.842105263157894,0.0,93.03265647697444,2025-01-01 09:30:00
[0.13279931],39.0,-20.0,-2.189822471578708,26.701570680628272,0.0,94.68457567919324,2025-01-01 09:33:00
[0.13279931],39.0,-20.0,-2.2825838128725686,26.5625,0.0,96.3754632021817,2025-01-01 09:36:00
[0.13279931],39.0,-20.0,-2.374383896743695,26.42487046632124,0.0,98.10663361751104,2025-01-01 09:39:00
[0.13279931],39.0,-20.0,-2.465237587997594,26.288659793814436,0.0,99.87945784470298,2025-01-01 09:42:00
[0.13279931],39.0,-20.0,-2.5551594465206833,26.153846153846157,0.0,101.6953668829211,2025-01-01 09:45:00
[0.13279931],39.0,-20.0,-2.644163735058843,26.02040816326531,0.0,103.55585583839434,2025-01-01 09:48:00
[0.13279931],39.0,-20.0,-2.732264426759052,25.888324873096447,0.0,105.46248827521437,2025-01-01 09:51:00
[0.13279931],39.0,-20.0,-2.819475212482491,25.757575757575758,0.0,107.41690092023032,2025-01-01 09:54:00
[0.13279931],39.0,-20.0,-2.905809507897152,25.628140703517587,0.0,109.42080875625506,2025-01-01 09:57:00
[0.13279931],39.0,-20.0,-2.991280460357666,25.5,0.0,111.47601054175459,2025-01-01 10:00:00
[0.13279931],39.0,-20.0,-3.075900955579767,25.37313432835821,0.0,113.58439479968641,2025-01-01 10:03:00
[0.13279931],39.0,-20.0,-3.159683624116501,25.247524752475247,0.0,115.74794632326216,2025-01-01 10:06:00
[0.13279931],39.0,-20.0,-3.242640847643021,25.12315270935961,0.0,117.96875325223107,2025-01-01 10:09:00
[0.13279931],39.0,-20.0,-3.324784765056535,25.0,0.0,120.24901477992162,2025-01-01 10:12:00
[0.13279931],39.0,-20.0,-3.406127278397723,24.878048780487806,0.0,122.59104955887666,2025-01-01 10:15:00
[0.13279931],39.0,-20.0,-3.4866800585996756,24.75728155339806,0.0,124.99730488161559,2025-01-01 10:18:00
[0.13279931],39.0,-20.0,-3.566454551070209,24.637681159420293,0.0,127.47036672305421,2025-01-01 10:21:00
[0.13279931],39.0,-20.0,-3.6454619811131406,24.519230769230766,0.0,130.01297074261257,2025-01-01 10:24:00
[0.13279931],39.0,-20.0,-3.7237133591939386,24.401913875598087,0.0,132.62801435731052,2025-01-01 10:27:00
[0.13279931],39.0,-20.0,-3.80121948605492,24.285714285714285,0.0,135.3185700125017,2025-01-01 10:30:00
[0.13279931],39.0,-20.0,-3.8779909576849914,24.170616113744074,0.0,138.08789979469273,2025-01-01 10:33:00
[0.13279931],39.0,-20.0,-3.9540381701487415,24.056603773584907,0.0,140.93947155159236,2025-01-01 10:36:00
[0.13279931],39.0,-20.0,-4.029371324279499,23.943661971830984,0.0,143.87697670866874,2025-01-01 10:39:00
[0.13279931],39.0,-20.0,-4.104000430240809,23.83177570093458,0.0,146.90434999971424,2025-01-01 10:42:00
[0.13279931],39.0,-20.0,-4.17793531196062,23.72093023255814,0.0,150.02579136202934,2025-01-01 10:45:00
[0.13279931],39.0,-20.0,-4.251185611442283,23.61111111111111,0.0,153.24579028579456,2025-01-01 10:48:00
[0.13279931],39.0,-20.0,-4.323760792956374,23.502304147465438,0.0,156.56915295319916,2025-01-01 10:51:00
[0.13279931],39.0,-20.0,-4.395670147117125,23.394495412844037,0.0,160.00103255739543,2025-01-01 10:54:00
[0.13279931],39.0,-20.0,-4.466922794847184,23.28767123287671,0.0,163.5469632561385,2025-01-01 10:57:00
[0.13279931],39.0,-20.0,-4.537527691234242,23.18181818181818,0.0,167.2128982923029,2025-01-01 11:00:00
[0.13279931],39.0,-20.0,-4.607493629282955,23.076923076923077,46.0,171.00448567564044,2025-01-01 11:03:00
[0.13279931],39.0,-20.0,-4.676829243565465,22.972972972972975,0.0,174.8948097485481,2025-01-01 11:06:00
[0.13279931],39.0,-20.0,-4.745543013773691,22.869955156950674,0.0,178.68115451790487,2025-01-01 11:09:00
[0.13279931],39.0,-20.0,-4.813643268176487,22.767857142857142,0.0,181.83420271151292,2025-01-01 11:12:00
[0.13279931],39.0,-20.0,-4.881138186984592,22.666666666666664,0.0,183.46279076924327,2025-01-01 11:15:00
[0.13279931],39.0,-20.0,-4.948035805626253,22.566371681415927,0.0,182.42550965234074,2025-01-01 11:18:00
[0.13279931],39.0,-20.0,-5.01434401793627,22.46696035242291,0.0,177.6165650533502,2025-01-01 11:21:00
[0.13279931],39.0,-20.0,-5.08007057926111,22.36842105263158,0.0,168.37302424554008,2025-01-01 11:24:00
[0.13279931],39.0,-20.0,-5.145223109482678,22.270742358078603,0.0,154.81115698718074,2025-01-01 11:27:00
[0.13279931],39.0,-20.0,-5.2098090959631875,22.17391304347826,0.0,137.86342591816774,2025-01-01 11:30:00
[0.13279931],39.0,-20.0,-5.273835896413564,22.07792207792208,0.0,118.98629649670616,2025-01-01 11:33:00
[0.13279931],39.0,-20.0,-5.337310741687643,21.982758620689655,0.0,99.78156044805928,2025-01-01 11:36:00
[0.13279931],39.0,-20.0,-5.400240738504435,21.888412017167383,0.0,81.62769162127853,2025-01-01 11:39:00
[0.13279931],39.0,-20.0,-5.462632872100569,21.794871794871796,0.0,65.43855786719885,2025-01-01 11:42:00
[0.13279931],39.0,-20.0,-5.524494008815035,21.70212765957447,0.0,51.636936454472846,2025-01-01 11:45:00
[0.13279931],39.0,-20.0,-5.585830898608192,21.610169491525426,0.0,40.26324158879957,2025-01-01 11:48:00
[0.13279931],39.16104,-20.0,-5.646650177517018,21.518987341772153,0.0,31.121704067737113,2025-01-01 11:51:00
[0.132963],41.216637,-18.587522506713867,-5.701023590664904,21.428571428571427,0.0,23.905929980458176,2025-01-01 11:54:00
[0.13502342],46.405052,-14.696210861206055,-5.738660357487252,21.338912133891213,0.0,18.28378261258932,2025-01-01 11:57:00
[0.13999525],51.524242,-10.856818199157715,-5.759986015160878,21.25,0.0,13.944370610976417,2025-01-01 12:00:00
[0.1445899],56.501118,-7.124161720275879,-5.7656464952650905,21.16182572614108,0.0,10.61841637916108,2025-01-01 12:03:00
[0.14876573],61.320076,-5.009943008422852,-5.762523753583924,21.074380165289256,0.0,8.08308145356768,2025-01-01 12:06:00
[0.1525403],65.985054,-1.511209487915039,-5.745028633149072,20.98765432098765,0.0,6.159089298798792,2025-01-01 12:09:00
[0.1559495],70.51694,11.5,-5.674352286291904,21.311475409836063,0.0,4.704794446152193,2025-01-01 12:12:00
[0.15904015],74.950745,11.5,-5.604252889204998,21.63265306122449,0.0,3.6096203198036925,2025-01-01 12:15:00
[0.16186312],79.333885,11.5,-5.534723405915547,21.951219512195124,0.0,2.787678959045615,2025-01-01 12:18:00
[0.16446961],83.72777,11.5,-5.465756914393622,22.267206477732792,0.0,2.171412867180473,2025-01-01 12:21:00
[0.16690983],88.20567,11.5,-5.397346604254938,22.58064516129032,0.0,1.7095477833476083,2025-01-01 12:24:00
[0.16923054],91.825096,11.5,-5.329485774518974,22.89156626506024,0.0,1.3642442976916724,2025-01-01 12:27:00
[0.17099158],93.78687,11.5,-5.262167831420898,23.200000000000003,0.0,1.1073376981043817,2025-01-01 12:30:00
[0.1719056],96.367226,11.5,-5.195386286275795,23.50597609561753,0.0,0.9177748291161779,2025-01-01 12:33:00
[0.17306632],99.2826,11.5,-5.129134753393749,23.809523809523807,0.0,0.7798431375362459,2025-01-01 12:36:00
[0.1743234],102.24966,11.5,-5.063406948044366,24.110671936758894,0.0,0.6818993013208818,2025-01-01 12:39:00
[0.17554635],104.98523,11.5,-4.998196684469388,24.409448818897637,0.0,0.6154291096609683,2025-01-01 12:42:00
[0.17662586],107.20631,11.5,-4.933497873942057,24.705882352941178,0.0,0.5743355864974611,2025-01-01 12:45:00
[0.17746995],108.62991,11.5,-4.869304522871971,25.0,0.0,0.5543886482812209,2025-01-01 12:48:00
[0.17799628],108.973114,11.5,-4.805610730954181,25.291828793774318,0.0,0.5527908961098178,2025-01-01 12:51:00
[0.17812146],107.95299,13.0,-4.736596735872964,25.581395348837212,0.0,0.5678272624095533,2025-01-01 12:54:00
[0.17774741],105.35428,13.0,-4.66811566739469,25.868725868725868,0.0,0.5985745939077323,2025-01-01 12:57:00
[0.1767681],101.36761,13.0,-4.600161376366248,26.153846153846157,0.0,0.644652682359042,2025-01-01 13:00:00
[0.17518856],96.79243,13.0,-4.532727807874424,26.436781609195403,0.0,0.7060017859048004,2025-01-01 13:03:00
[0.1732532],92.56377,13.0,-4.465808999447423,26.717557251908396,0.0,0.7826739617226357,2025-01-01 13:06:00
[0.171339],89.61719,13.0,-4.399399079297432,26.996197718631176,0.0,0.8746270637992569,2025-01-01 13:09:00
[0.1699291],88.77439,13.0,-4.333492264603123,27.27272727272727,0.0,0.9815116623007307,2025-01-01 13:12:00
[0.1695138],90.17066,13.0,-4.268082859831036,27.547169811320753,0.0,1.102443481021895,2025-01-01 13:15:00
[0.1701989],92.911415,13.0,-4.203165255094829,27.819548872180448,0.0,1.2357594055148415,2025-01-01 13:18:00
[0.17150114],95.87469,13.0,-4.138733924551403,28.08988764044944,0.0,1.3787680964943518,2025-01-01 13:21:00
[0.1728483],97.94058,13.0,-4.074783424832928,28.35820895522388,0.0,1.5275344005759588,2025-01-01 13:24:00
[0.17375173],98.105515,13.0,-4.011308393513846,28.624535315985128,0.0,1.6767883500644176,2025-01-01 13:27:00
[0.17382264],96.0532,13.0,-3.948303547611943,28.888888888888886,0.0,1.8201170827486568,2025-01-01 13:30:00
[0.17292753],92.49551,13.0,-3.8857636821226,29.15129151291513,0.0,1.9506210681366907,2025-01-01 13:33:00
[0.17130706],88.36782,13.0,-3.8236836685853848,29.411764705882355,0.0,2.062075285886086,2025-01-01 13:36:00
[0.16931154],84.595856,13.0,-3.7620584536821413,29.67032967032967,0.0,2.150302832742244,2025-01-01 13:39:00
[0.16737248],82.01868,13.0,-3.7008830578657834,29.927007299270077,0.0,2.2142023769451495,2025-01-01 13:42:00
[0.16598049],81.019485,13.0,-3.6401525740189986,30.181818181818183,0.0,2.255997124741402,2025-01-01 13:45:00
[0.16542557],81.306435,13.0,-3.579862166142118,30.434782608695656,0.0,2.2807031918701104,2025-01-01 13:48:00
[0.16558582],82.43227,13.0,-3.520007068069403,30.685920577617328,0.0,2.295158238673787,2025-01-01 13:51:00
[0.16620766],83.94573,13.0,-3.4605825822130383,30.935251798561154,0.0,2.3070103762686185,2025-01-01 13:54:00
[0.16702658],85.41272,13.0,-3.4015840783341385,31.182795698924732,0.0,2.3239336721669868,2025-01-01 13:57:00
[0.16780214],86.5073,13.0,-3.343006992340088,31.428571428571427,0.0,2.3531664372752488,2025-01-01 14:00:00
[0.16836934],87.066505,13.0,-3.284846825107561,31.672597864768683,0.0,2.4013476449163966,2025-01-01 14:03:00
[0.16865541],86.96762,13.0,-3.2270991413305836,31.914893617021278,0.0,2.4745704950962577,2025-01-01 14:06:00
[0.16860501],86.09324,13.0,-3.1697595683930198,32.15547703180212,0.0,2.578563055784308,2025-01-01 14:09:00
[0.16815591],84.35958,13.0,-3.1128237952648754,32.3943661971831,0.0,2.718921500868552,2025-01-01 14:12:00
[0.16724716],81.857544,13.0,-3.0562875714218407,32.631578947368425,0.0,2.9013448657653833,2025-01-01 14:15:00
[0.16589157],78.937065,13.0,-3.0001467057874986,32.86713286713287,0.0,3.131842088532364,2025-01-01 14:18:00
[0.1642409],76.00876,13.0,-2.944397065697647,33.10104529616725,0.0,3.416898690529599,2025-01-01 14:21:00
[0.16250865],73.48679,9.0,-2.9029234647750854,33.33333333333333,0.0,3.7636013407741817,2025-01-01 14:24:00
[0.16095231],71.74695,9.0,-2.8617368783917807,33.56401384083045,0.0,4.179724762705596,2025-01-01 14:27:00
[0.15984271],70.91882,9.0,-2.820834337431809,33.793103448275865,0.0,4.673788365492312,2025-01-01 14:30:00
[0.15930404],70.76106,9.0,-2.780212913591837,34.02061855670103,0.0,5.255090850885865,2025-01-01 14:33:00
[0.15920062],70.950966,9.0,-2.739869718682276,34.24657534246575,0.0,5.933730792696329,2025-01-01 14:36:00
[0.15932506],71.166954,9.0,-2.6998019039427463,34.470989761092156,0.0,6.720620410066278,2025-01-01 14:39:00
[0.15946615],71.0882,9.0,-2.660006659371512,34.69387755102041,0.0,7.627498790408669,2025-01-01 14:42:00
[0.15941478],70.39437,9.0,-2.620481213068558,34.91525423728813,0.0,8.666949856758592,2025-01-01 14:45:00
[0.15895933],68.76529,-1.9260330200195312,-2.6181351043082572,34.7972972972973,0.0,9.852429552624484,2025-01-01 14:48:00
[0.15787077],65.88076,-4.08942985534668,-2.623088958688858,34.68013468013468,0.0,11.198306110815894,2025-01-01 14:51:00
[0.15587588],61.420376,-7.434718132019043,-2.639235365310771,34.56375838926174,0.0,12.719916904249226,2025-01-01 14:54:00
[0.15261611],57.726505,-10.205121040344238,-2.6645393307791108,34.448160535117054,0.0,14.433645248834186,2025-01-01 14:57:00
[0.14975037],57.69934,-10.225494384765625,-2.689742514292399,34.333333333333336,0.0,16.35702063835832,2025-01-01 15:00:00
[0.14972872],56.942974,-10.792769432067871,-2.7166628695009556,34.21926910299003,0.0,18.508846316219568,2025-01-01 15:03:00
[0.14912276],55.5419,-11.843574523925781,-2.746884431270574,34.105960264900666,0.0,20.909359367391794,2025-01-01 15:06:00
[0.14798303],53.57992,-13.315058708190918,-2.7817628942307073,33.993399339933994,0.0,23.580430954179672,2025-01-01 15:09:00
[0.14634931],51.140118,-15.144911766052246,-2.8224311470985413,33.881578947368425,0.0,26.545816347200933,2025-01-01 15:12:00
[0.14425573],48.304813,-18.771390914916992,-2.8747228184684377,33.77049180327869,0.0,29.831465701297116,2025-01-01 15:15:00
[0.14173602],45.15559,-20.0,-2.930687776578018,33.66013071895425,0.0,33.46590908465641,2025-01-01 15:18:00
[0.13882725],41.77329,-20.0,-2.986288142126624,33.55048859934853,0.0,37.48073347680653,2025-01-01 15:21:00
[0.13557233],39.29242,-20.0,-3.0415274663404985,33.44155844155844,0.0,41.91117536817757,2025-01-01 15:24:00
[0.13309626],39.0,-20.0,-3.096409254475319,33.33333333333333,0.0,46.79686075871825,2025-01-01 15:27:00
[0.13279931],39.0,-20.0,-3.1509369665576568,33.225806451612904,0.0,52.182735785735936,2025-01-01 15:30:00
[0.13279931],39.0,-20.0,-3.2051140181121336,33.11897106109325,0.0,58.12024780106008,2025-01-01 15:33:00
[0.13279931],39.0,-20.0,-3.2589437808745947,33.01282051282051,0.0,64.66886087402395,2025-01-01 15:36:00
[0.13279931],39.0,-20.0,-3.3124295834916087,32.9073482428115,0.0,71.8980235247569,2025-01-01 15:39:00
[0.13279931],39.0,-20.0,-3.3655747122066035,32.802547770700635,0.0,79.88975545048147,2025-01-01 15:42:00
[0.13279931],39.0,-20.0,-3.418382411532932,32.698412698412696,0.0,88.74209546923764,2025-01-01 15:45:00
[0.13279931],39.0,-20.0,-3.470855884914157,32.594936708860764,0.0,98.57377152556113,2025-01-01 15:48:00
[0.13279931],39.0,-20.0,-3.5229982953718406,32.49211356466877,0.0,109.53064354864355,2025-01-01 15:51:00
[0.13279931],39.0,-20.0,-3.5748127661411115,32.38993710691824,0.0,121.79478251380743,2025-01-01 15:54:00
[0.13279931],39.0,-20.0,-3.6263023812942743,32.288401253918494,0.0,135.59758052091934,2025-01-01 15:57:00
[0.13279931],39.0,-20.0,-3.6774701863527297,32.1875,0.0,151.2392252376331,2025-01-01 16:00:00
[0.13279931],39.0,-20.0,-3.7283191888874563,32.087227414330215,0.0,169.11860375351662,2025-01-01 16:03:00
[0.13279931],39.0,-20.0,-3.7788523591083027,31.987577639751553,0.0,189.78106466247368,2025-01-01 16:06:00
[0.13279931],39.0,-20.0,-3.829072630442333,31.88854489164087,0.0,213.99841383608543,2025-01-01 16:09:00
[0.13279931],39.0,-20.0,-3.8789829001014615,31.790123456790127,0.0,242.9109716831096,2025-01-01 16:12:00
[0.13279931],39.0,-20.0,-3.928586029639611,31.692307692307693,0.0,278.29921552663643,2025-01-01 16:15:00
[0.13279931],39.0,-20.0,-3.977884845499612,31.595092024539877,0.0,323.15601301695744,2025-01-01 16:18:00
[0.13279931],39.0,-20.0,-4.026882139550072,31.49847094801223,0.0,381.51904960525803,2025-01-01 16:21:00
[0.13279931],39.0,-20.0,-4.075580669612419,31.402439024390244,0.0,447.9318819998346,2025-01-01 16:24:00
[0.13279931],39.0,-20.0,-4.123983159978339,31.30699088145897,0.0,517.6072964805267,2025-01-01 16:27:00
[0.13279931],39.0,-20.0,-4.1720923019177985,31.212121212121215,0.0,589.0695160446134,2025-01-01 16:30:00
[0.13279931],39.0,-20.0,-4.2199107541778655,31.1178247734139,0.0,657.4591761888314,2025-01-01 16:33:00
[0.13279931],39.0,-20.0,-4.267441143472511,31.024096385542173,0.0,0.0,2025-01-01 16:36:00
[0.13279931],39.0,-20.0,-4.314686064963584,30.930930930930934,0.0,0.0,2025-01-01 16:39:00
[0.13279931],39.0,-20.0,-4.361648082733154,30.83832335329341,0.0,0.0,2025-01-01 16:42:00
[0.13279931],39.0,-20.0,-4.408329730247384,30.74626865671642,0.0,0.0,2025-01-01 16:45:00
[0.13279931],39.0,-20.0,-4.454733510812123,30.654761904761905,0.0,0.0,2025-01-01 16:48:00
[0.13279931],39.0,-20.0,-4.500861898020396,30.56379821958457,0.0,0.0,2025-01-01 16:51:00
[0.13279931],39.0,-20.0,-4.546717336191934,30.473372781065088,0.0,0.0,2025-01-01 16:54:00
[0.13279931],39.0,-20.0,-4.592302240804937,30.383480825958703,0.0,0.0,2025-01-01 16:57:00
[0.13279931],39.0,-20.0,-4.637618998920217,30.294117647058822,0.0,0.0,2025-01-01 17:00:00
[0.13279931],39.0,-20.0,-4.682669969597869,30.205278592375368,0.0,0.0,2025-01-01 17:03:00
[0.13279931],39.0,-20.0,-4.7274574843066475,30.116959064327485,0.0,0.0,2025-01-01 17:06:00
[0.13279931],39.0,-20.0,-4.771983847326162,30.029154518950435,0.0,0.0,2025-01-01 17:09:00
[0.13279931],39.0,-20.0,-4.8162513361420745,29.941860465116278,0.0,0.0,2025-01-01 17:12:00
[0.13279931],39.0,-20.0,-4.860262201834416,29.855072463768117,0.0,0.0,2025-01-01 17:15:00
[0.13279931],39.0,-20.0,-4.904018669459172,29.76878612716763,0.0,0.0,2025-01-01 17:18:00
[0.13279931],39.0,-20.0,-4.947522938423266,29.68299711815562,0.0,0.0,2025-01-01 17:21:00
[0.13279931],39.0,-20.0,-4.990777182853085,29.597701149425287,0.0,0.0,2025-01-01 17:24:00
[0.13279931],39.0,-20.0,-5.033783551956658,29.512893982808023,0.0,0.0,2025-01-01 17:27:00
[0.13279931],39.0,-20.0,-5.076544170379639,29.428571428571427,0.0,0.0,2025-01-01 17:30:00
[0.13279931],39.0,-20.0,-5.119061138555195,29.34472934472934,0.0,0.0,2025-01-01 17:33:00
[0.13279931],39.0,-20.0,-5.161336533047936,29.261363636363637,0.0,0.0,2025-01-01 17:36:00
[0.13279931],39.0,-20.0,-5.203372406891993,29.178470254957507,0.0,0.0,2025-01-01 17:39:00
[0.13279931],39.0,-20.0,-5.245170789923372,29.09604519774011,0.0,0.0,2025-01-01 17:42:00
[0.13279931],39.0,-20.0,-5.286733689106686,29.014084507042252,0.0,0.0,2025-01-01 17:45:00
[0.13279931],39.0,-20.0,-5.3280630888563865,28.932584269662918,0.0,0.0,2025-01-01 17:48:00
[0.13279931],39.0,-20.0,-5.369160951352587,28.851540616246496,0.0,0.0,2025-01-01 17:51:00
[0.13279931],39.0,-20.0,-5.410029216851602,28.77094972067039,0.0,0.0,2025-01-01 17:54:00
[0.13279931],39.0,-20.0,-5.450669803991291,28.690807799442897,0.0,0.0,2025-01-01 17:57:00
[0.13279931],39.0,-20.0,-5.491084610091315,28.61111111111111,0.0,0.0,2025-01-01 18:00:00
[0.13279931],39.0,-20.0,-5.531275511448404,28.53185595567867,27.0,0.0,2025-01-01 18:03:00
[0.13279931],39.0,-20.0,-5.571244363626723,28.45303867403315,0.0,0.0,2025-01-01 18:06:00
[0.13279931],39.0,-20.0,-5.610993001743453,28.37465564738292,0.0,0.0,2025-01-01 18:09:00
[0.13279931],39.0,-20.0,-5.650523240749653,28.296703296703296,0.0,0.0,2025-01-01 18:12:00
[0.13279931],39.0,-20.0,-5.6898368757065025,28.21917808219178,0.0,0.0,2025-01-01 18:15:00
[0.13279931],39.0,-20.0,-5.728935682057031,28.142076502732237,0.0,0.0,2025-01-01 18:18:00
[0.13279931],39.0,-20.0,-5.767821415893389,28.065395095367844,0.0,0.0,2025-01-01 18:21:00
[0.13279931],39.0,-20.0,-5.806495814219765,27.98913043478261,0.0,0.0,2025-01-01 18:24:00
[0.13279931],39.0,-20.0,-5.844960595211039,27.91327913279133,0.0,0.0,2025-01-01 18:27:00
[0.13279931],39.0,-20.0,-5.883217458467226,27.837837837837835,0.0,0.0,2025-01-01 18:30:00
[0.13279931],39.0,-20.0,-5.92126808526381,27.762803234501348,0.0,0.0,2025-01-01 18:33:00
[0.13279931],39.0,-20.0,-5.959114138798047,27.688172043010752,0.0,0.0,2025-01-01 18:36:00
[0.13279931],39.0,-20.0,-5.996757264431296,27.61394101876676,0.0,0.0,2025-01-01 18:39:00
[0.13279931],39.0,-20.0,-6.034199089927469,27.540106951871657,0.0,0.0,2025-01-01 18:42:00
[0.13279931],39.0,-20.0,-6.071441225687662,27.46666666666667,0.0,0.0,2025-01-01 18:45:00
[0.13279931],39.0,-20.0,-6.108485264981047,27.393617021276594,0.0,0.0,2025-01-01 18:48:00
[0.13279931],39.0,-20.0,-6.145332784172078,27.320954907161806,0.0,0.0,2025-01-01 18:51:00
[0.13279931],39.0,-20.0,-6.18198534294411,27.24867724867725,0.0,0.0,2025-01-01 18:54:00
[0.13279931],39.0,-20.0,-6.2184444845194555,27.176781002638524,0.0,0.0,2025-01-01 18:57:00
[0.13279931],39.0,-20.0,-6.254711735875983,27.105263157894736,0.0,0.0,2025-01-01 19:00:00
[0.13279931],39.0,-20.0,-6.290788607960298,27.034120734908136,0.0,0.0,2025-01-01 19:03:00
[0.13279931],39.0,-20.0,-6.326676595897575,26.96335078534031,0.0,0.0,2025-01-01 19:06:00
[0.13279931],39.0,-20.0,-6.362377179198103,26.89295039164491,0.0,0.0,2025-01-01 19:09:00
[0.13279931],39.0,-20.0,-6.3978918219606085,26.822916666666668,0.0,0.0,2025-01-01 19:12:00
[0.13279931],39.0,-20.0,-6.433221973072399,26.75324675324675,0.0,0.0,2025-01-01 19:15:00
[0.13279931],39.0,-20.0,-6.468369066406408,26.683937823834196,0.0,0.0,2025-01-01 19:18:00
[0.13279931],39.0,-20.0,-6.503334521015177,26.614987080103358,0.0,0.0,2025-01-01 19:21:00
[0.13279931],39.0,-20.0,-6.538119741321839,26.54639175257732,0.0,0.0,2025-01-01 19:24:00
[0.13279931],39.0,-20.0,-6.572726117308158,26.47814910025707,0.0,0.0,2025-01-01 19:27:00
[0.13279931],39.0,-20.0,-6.607155024699676,26.410256410256412,0.0,0.0,2025-01-01 19:30:00
[0.13279931],39.0,-20.0,-6.641407825148014,26.342710997442452,0.0,0.0,2025-01-01 19:33:00
[0.13279931],39.0,-20.0,-6.6754858664103915,26.27551020408163,0.0,0.0,2025-01-01 19:36:00
[0.13279931],39.0,-20.0,-6.709390482526396,26.208651399491096,0.0,0.0,2025-01-01 19:39:00
[0.13279931],39.0,-20.0,-6.743122993992065,26.14213197969543,0.0,0.0,2025-01-01 19:42:00
[0.13279931],39.0,-20.0,-6.7766847079313255,26.075949367088608,0.0,0.0,2025-01-01 19:45:00
[0.13279931],39.0,-20.0,-6.810076918264832,26.01010101010101,0.0,0.0,2025-01-01 19:48:00
[0.13279931],39.0,-20.0,-6.843300905876256,25.94458438287154,0.0,0.0,2025-01-01 19:51:00
[0.13279931],39.0,-20.0,-6.8763579387760645,25.879396984924625,0.0,0.0,2025-01-01 19:54:00
[0.13279931],39.0,-20.0,-6.909249272262841,25.81453634085213,0.0,0.0,2025-01-01 19:57:00
[0.13279931],39.0,-20.0,-6.941976149082183,25.75,0.0,0.0,2025-01-01 20:00:00
[0.13279931],39.0,-20.0,-6.9745397995832255,25.6857855361596,0.0,0.0,2025-01-01 20:03:00
[0.13279931],39.0,-20.0,-7.0069414418728195,25.621890547263682,0.0,0.0,2025-01-01 20:06:00
[0.13279931],39.0,-20.0,-7.039182281967428,25.55831265508685,0.0,0.0,2025-01-01 20:09:00
[0.13279931],39.0,-20.0,-7.071263513942756,25.495049504950494,0.0,0.0,2025-01-01 20:12:00
[0.13279931],39.0,-20.0,-7.10318632008117,25.432098765432098,0.0,0.0,2025-01-01 20:15:00
[0.13279931],39.0,-20.0,-7.13495187101693,25.36945812807882,0.0,0.0,2025-01-01 20:18:00
[0.13279931],39.0,-20.0,-7.166561325879296,25.307125307125304,0.0,0.0,2025-01-01 20:21:00
[0.13279931],39.0,-20.0,-7.198015832433514,25.245098039215684,0.0,0.0,2025-01-01 20:24:00
[0.13279931],39.0,-20.0,-7.22931652721974,25.183374083129586,0.0,0.0,2025-01-01 20:27:00
[0.13279931],39.0,-20.0,-7.260464535689936,25.121951219512194,0.0,0.0,2025-01-01 20:30:00
[0.13279931],39.0,-20.0,-7.291460972342758,25.060827250608277,0.0,0.0,2025-01-01 20:33:00
[0.13279931],39.0,-20.0,-7.322306940856489,25.0,0.0,0.0,2025-01-01 20:36:00
[0.13279931],39.0,-20.0,-7.353003534220033,24.93946731234867,0.0,0.0,2025-01-01 20:39:00
[0.13279931],39.0,-20.0,-7.383551834862013,24.879227053140095,0.0,0.0,2025-01-01 20:42:00
[0.13279931],39.0,-20.0,-7.413952914778008,24.819277108433734,0.0,0.0,2025-01-01 20:45:00
[0.13279931],39.0,-20.0,-7.444207835655946,24.759615384615387,0.0,0.0,2025-01-01 20:48:00
[0.13279931],39.0,-20.0,-7.474317648999697,24.700239808153476,0.0,0.0,2025-01-01 20:51:00
[0.13279931],39.0,-20.0,-7.5042833962508935,24.641148325358852,0.0,0.0,2025-01-01 20:54:00
[0.13279931],39.0,-20.0,-7.534106108909006,24.58233890214797,0.0,0.0,2025-01-01 20:57:00
[0.13279931],39.0,-20.0,-7.563786808649699,24.523809523809522,0.0,0.0,2025-01-01 21:00:00
[0.13279931],39.0,-20.0,-7.593326507441505,24.46555819477435,0.0,0.0,2025-01-01 21:03:00
[0.13279931],39.0,-20.0,-7.622726207660838,24.407582938388625,0.0,0.0,2025-01-01 21:06:00
[0.13279931],39.0,-20.0,-7.651986902205374,24.349881796690305,0.0,0.0,2025-01-01 21:09:00
[0.13279931],39.0,-20.0,-7.681109574605834,24.29245283018868,0.0,0.0,2025-01-01 21:12:00
[0.13279931],39.0,-20.0,-7.710095199136173,24.235294117647058,0.0,0.0,2025-01-01 21:15:00
[0.13279931],39.0,-20.0,-7.738944740922238,24.178403755868544,0.0,0.0,2025-01-01 21:18:00
[0.13279931],39.0,-20.0,-7.767659156048884,24.121779859484775,0.0,0.0,2025-01-01 21:21:00
[0.13279931],39.0,-20.0,-7.796239391665592,24.065420560747665,0.0,0.0,2025-01-01 21:24:00
[0.13279931],39.0,-20.0,-7.824686386090614,24.00932400932401,0.0,0.0,2025-01-01 21:27:00
[0.13279931],39.0,-20.0,-7.85300106891366,23.953488372093023,0.0,0.0,2025-01-01 21:30:00
[0.13279931],39.0,-20.0,-7.881184361097154,23.897911832946637,0.0,0.0,2025-01-01 21:33:00
[0.13279931],39.0,-20.0,-7.909237175076096,23.84259259259259,0.0,0.0,2025-01-01 21:36:00
[0.13279931],39.0,-20.0,-7.937160414856521,23.787528868360276,0.0,0.0,2025-01-01 21:39:00
[0.13279931],39.0,-20.0,-7.964954976112612,23.732718894009217,0.0,0.0,2025-01-01 21:42:00
[0.13279931],39.0,-20.0,-7.992621746282468,23.678160919540232,0.0,0.0,2025-01-01 21:45:00
[0.13279931],39.0,-20.0,-8.020161604662555,23.623853211009173,0.0,0.0,2025-01-01 21:48:00
[0.13279931],39.0,-20.0,-8.047575422500854,23.569794050343248,0.0,0.0,2025-01-01 21:51:00
[0.13279931],39.0,-20.0,-8.074864063088752,23.515981735159816,0.0,0.0,2025-01-01 21:54:00
[0.13279931],39.0,-20.0,-8.102028381851648,23.462414578587698,0.0,0.0,2025-01-01 21:57:00
[0.13279931],39.0,-20.0,-8.129069226438348,23.40909090909091,0.0,0.0,2025-01-01 22:00:00
[0.13279931],39.0,-20.0,-8.155987436809237,23.356009070294785,49.666666666666664,0.0,2025-01-01 22:03:00
[0.13279931],39.0,-20.0,-8.182783845323243,23.30316742081448,0.0,0.0,2025-01-01 22:06:00
[0.13279931],39.0,-20.0,-8.209459276823642,23.25056433408578,0.0,0.0,2025-01-01 22:09:00
[0.13279931],39.0,-20.0,-8.236014548722688,23.1981981981982,0.0,0.0,2025-01-01 22:12:00
[0.13279931],39.0,-20.0,-8.26245047108511,23.146067415730336,0.0,0.0,2025-01-01 22:15:00
[0.13279931],39.0,-20.0,-8.28876784671048,23.094170403587444,0.0,0.0,2025-01-01 22:18:00
[0.13279931],39.0,-20.0,-8.314967471214482,23.042505592841163,0.0,0.0,2025-01-01 22:21:00
[0.13279931],39.0,-20.0,-8.341050133109093,22.991071428571427,0.0,0.0,2025-01-01 22:24:00
[0.13279931],39.0,-20.0,-8.367016613881678,22.93986636971047,0.0,0.0,2025-01-01 22:27:00
[0.13279931],39.0,-20.0,-8.392867688073052,22.88888888888889,0.0,0.0,2025-01-01 22:30:00
[0.13279931],39.0,-20.0,-8.418604123354486,22.838137472283815,0.0,0.0,2025-01-01 22:33:00
[0.13279931],39.0,-20.0,-8.444226680603702,22.787610619469024,0.0,0.0,2025-01-01 22:36:00
[0.13279931],39.0,-20.0,-8.469736113979854,22.737306843267106,0.0,0.0,2025-01-01 22:39:00
[0.13279931],39.0,-20.0,-8.49513317099752,22.687224669603523,0.0,0.0,2025-01-01 22:42:00
[0.13279931],39.0,-20.0,-8.520418592599722,22.63736263736264,0.0,0.0,2025-01-01 22:45:00
[0.13279931],39.0,-20.0,-8.545593113229986,22.587719298245617,0.0,0.0,2025-01-01 22:48:00
[0.13279931],39.0,-20.0,-8.570657460903444,22.538293216630198,0.0,0.0,2025-01-01 22:51:00
[0.13279931],39.0,-20.0,-8.595612357277016,22.489082969432314,0.0,0.0,2025-01-01 22:54:00
[0.13279931],39.0,-20.0,-8.620458517718678,22.440087145969496,0.0,0.0,2025-01-01 22:57:00
[0.13279931],39.0,-20.0,-8.645196651375812,22.39130434782609,0.0,0.0,2025-01-01 23:00:00
[0.13279931],39.0,-20.0,-8.669827461242676,22.342733188720175,0.0,0.0,2025-01-01 23:03:00
[0.13279931],39.0,-20.0,-8.694351644226998,22.294372294372295,0.0,0.0,2025-01-01 23:06:00
[0.13279931],39.0,-20.0,-8.71876989121571,22.24622030237581,0.0,0.0,2025-01-01 23:09:00
[0.13279931],39.0,-20.0,-8.743082887139813,22.198275862068968,0.0,0.0,2025-01-01 23:12:00
[0.13279931],39.0,-20.0,-8.767291311038438,22.1505376344086,0.0,0.0,2025-01-01 23:15:00
[0.13279931],39.0,-20.0,-8.791395836122046,22.103004291845494,0.0,0.0,2025-01-01 23:18:00
[0.13279931],39.0,-20.0,-8.815397129834848,22.055674518201286,0.0,0.0,2025-01-01 23:21:00
[0.13279931],39.0,-20.0,-8.839295853916397,22.00854700854701,0.0,0.0,2025-01-01 23:24:00
[0.13279931],39.0,-20.0,-8.863092664462418,21.961620469083158,0.0,0.0,2025-01-01 23:27:00
[0.13279931],39.0,-20.0,-8.886788211984838,21.914893617021278,0.0,0.0,2025-01-01 23:30:00
[0.13279931],39.0,-20.0,-8.910383141471069,21.86836518046709,0.0,0.0,2025-01-01 23:33:00
[0.13279931],39.0,-20.0,-8.933878092442528,21.822033898305087,0.0,0.0,2025-01-01 23:36:00
[0.13279931],39.0,-20.0,-8.957273699012418,21.775898520084567,0.0,0.0,2025-01-01 23:39:00
[0.13279931],39.0,-20.0,-8.98057058994277,21.729957805907173,0.0,0.0,2025-01-01 23:42:00
[0.13279931],39.0,-20.0,-9.003769388700787,21.684210526315788,0.0,0.0,2025-01-01 23:45:00
[0.13279931],39.0,-20.0,-9.026870713514441,21.638655462184875,0.0,0.0,2025-01-01 23:48:00
[0.13279931],39.0,-20.0,-9.049875177427408,21.59329140461216,0.0,0.0,2025-01-01 23:51:00
[0.13279931],39.0,-20.0,-9.072783388353292,21.548117154811717,0.0,0.0,2025-01-01 23:54:00
[0.13279931],39.0,-20.0,-9.095595949129173,21.50313152400835,0.0,0.0,2025-01-01 23:57:00
[0.13279931],39.0,-20.0,-9.118313457568487,21.458333333333332,0.0,0.0,2025-01-02 00:00:00
