action,blood glucose,reward,meal,risk
0,126.11905,5.032053228339256,0.0,0.8362725756660306
0,125.410324,7.043694857741213,0.0,0.7575928010023718
0,125.10628,7.018137549801542,0.0,0.6957178755740134
0,125.0909,7.000907874369988,0.0,0.6497648085645347
0,125.21454,6.992676072863553,0.0,0.617318125621215
0,125.313965,6.994066676441368,0.0,0.5957455841149621
0,125.222565,7.005456059114432,0.0,0.5827005840643716
0,124.77525,7.026220581830342,0.0,0.576260382669246
0,123.819176,7.053333568359313,0.0,0.5749174801473257
0,122.257805,7.07896357712055,0.0,0.5775216646117352
0,120.07688,7.092732945871239,0.0,0.5832130373983612
0,117.28288,7.087211213780696,0.0,0.5913608334574956
0,113.88498,7.054733407923143,0.0,0.6015121976679793
0,109.92907,6.986267877482355,0.0,0.613350988972199
0,105.67036,6.882058039444288,0.0,0.6266653376979968
0,101.67674,6.780935730589576,0.0,0.6413224084879516
0,98.586296,-10.956354723942189,0.0,0.657248929018919
0,97.037766,-11.634593001331055,0.0,0.6744162604394659
0,97.58506,-11.150970544009322,0.0,0.6928290090714434
0,100.270325,7.242029797158001,0.0,0.7125163779707838
0,104.36776,7.2641892176739,0.0,0.7335256241143385
0,108.981026,7.160671663237165,0.0,0.7559171236116452
0,113.21387,7.034074270923833,0.0,0.7797606573167901
0,116.25435,6.964226484992578,0.0,0.8051326168184432
0,117.79596,6.9640381540400655,0.0,0.8321138999980271
0,118.29035,6.98603571941802,0.0,0.8607883196458701
0,118.357605,6.998010682645897,0.0,0.891241390966381
0,118.6178,6.99210320945942,0.0,0.9235593966409412
0,119.62633,6.966409682414851,0.0,0.9578286534612078
0,121.55081,6.923096847525188,0.0,0.9941349240216295
0,123.97721,6.88013225054927,0.0,1.0325629318643301
0,126.362175,6.858623193818649,0.0,1.0731959498287422
0,128.16232,6.878638221661707,0.0,1.116115439976245
0,128.89397,6.94721166049197,0.0,1.1614007299646312
0,128.43204,7.033556742189899,0.0,1.2091287156227444
0,127.18932,7.086353405715354,0.0,1.2593735830995914
0,125.698105,7.095872071433167,0.0,1.3122065466227584
0,124.49064,7.07123492884242,0.0,1.3676955998227585
0,124.05711,7.024143495607052,0.0,1.4259052799339977
0,124.63566,6.967609441599603,0.0,1.4868964451041322
0,126.086266,6.9128864403407695,0.0,1.5507260656334612
0,128.18488,6.859533861179743,0.0,1.6174470303057285
0,130.70741,6.8096416142553595,0.0,1.68710796912467
0.1,133.42976,6.76970545576564,0.0,1.759753057982919
[0.],136.12779,6.7478514471056945,0.0,1.8354196314353035
[0.],138.57722,6.7516974818761115,0.0,1.9141242368986189
0.1,140.55359,-10.489866460457408,0.0,1.9958462446149836
[0.],141.83206,-11.05965965146989,0.0,2.0805265685741627
0.1,142.82065,-11.524405235492885,0.0,2.1680635178242618
0.1,144.464,-12.427305251950823,0.0,2.258304032522515
[0.],146.38235,-13.427802660385344,0.0,2.3510360692552315
[0.],148.46333,-14.498439403777677,0.0,2.4459729906510495
[0.],150.5941,-15.58059849894931,0.0,2.5427530835503505
[0.],152.66151,-16.6154699673188,0.0,2.6409653969491553
0.1,154.55241,-17.54452161818466,0.0,2.7401826735455397
[0.],156.1538,-18.309803057908212,0.0,2.839986166396428
0.1,157.35287,-18.8541250037476,0.0,2.9399683497238556
[0.],158.03702,-19.121123513454293,0.0,3.039723129653674
[0.],158.1118,-19.067169180240683,0.0,3.138837725552674
[0.],157.59126,-18.71740342345755,0.0,3.2368895414286043
0.1,156.65231,-18.186351969770985,0.0,3.333462857069577
[0.],155.50826,-17.586089837746044,0.0,3.4281693642938715
[0.],154.37263,-17.022084146677095,0.0,3.520648842208391
[0.],153.44244,-16.5886502659606,0.0,3.610560641925727
[0.],152.81464,-16.31885400509483,0.0,3.697592889302218
[0.],152.43599,-16.16503971963863,0.0,3.7814791371515026
[0.],152.22023,-16.08007535082494,0.0,3.8620113730511236
0.1,152.08147,-16.021467641872036,0.0,3.9390470725424587
[0.],151.95816,-15.961993896082262,0.0,4.012507836943959
[0.],151.93248,-15.962684848354513,0.0,4.082358033347716
0.1,152.30186,-16.202194059529084,0.0,4.148578865399396
[0.],153.41164,-16.8615618713809,0.0,4.211163380343406
[0.],155.6071,-18.119131544840133,0.0,4.270107064427966
[0.],159.1629,-20.11261075603656,0.0,4.3253957335750455
0.1,163.93025,-22.713303400949904,0.0,4.377015513738236
[0.],169.12527,-25.420602084681143,0.0,4.4249683230693195
[0.],173.82303,-27.7218702742409,0.0,4.469266851281475
[0.],177.09856,-29.13196826985273,0.0,4.509921516782895
0.1,178.12985,-29.25120541694723,0.0,4.546948513067844
[0.],176.71289,-28.100846945028334,0.0,4.58038326374213
[0.],173.57057,-26.22758878822334,0.0,4.610273404544781
[0.],169.63171,-24.135674819273767,0.0,4.636664191193473
0.1,165.82516,-22.276804094726103,0.0,4.659605686124185
[0.02634929],163.00778,-21.048034064354425,0.0,4.679165628750894
[0.],161.60449,-20.580133508474262,0.0,4.695420992484604
[0.09467884],161.39212,-20.662739968357368,0.0,4.708437710558636
[0.],162.00334,-21.09777616641098,0.0,4.718269046268588
[0.],163.07076,-21.70475158127158,0.0,4.724954411109915
[0.],164.24605,-22.311731037690972,0.0,4.72851670520499
0.1,165.29591,-22.818443829024147,0.0,4.728979079413145
[0.],166.15976,-23.22148605294448,0.0,4.726383878267342
0.1,166.81543,-23.51598328519763,0.0,4.72078844485337
[0.],167.24081,-23.6910069925045,0.0,4.712248585566465
0.1,167.41373,-23.735639406286836,0.0,4.70080634294961
0.1,167.31181,-23.63894064846677,0.0,4.68648160870878
0.1,166.91258,-23.389981326010737,0.0,4.669266959985051
[0.],166.19328,-22.977792298006225,0.0,4.649108042646514
[0.],165.13074,-22.391302528727703,0.0,4.625887063961812
[0.],165.38118,-22.731454493487274,0.0,4.5994364838837525
[0.],168.28308,-24.622245282345233,0.0,4.569583508238727
0.1,169.88835,-25.215587455018404,0.0,4.536195148663075
[0.],170.3836,-25.276300219257944,0.0,4.499205321514883
[0.],169.95586,-24.90492649308101,0.0,4.458610604422077
[0.01066177],168.79243,-24.199015076111237,0.0,4.4144535366048
0.1,167.08096,-23.254059538656072,0.0,4.3668241992787715
[0.],165.00934,-22.164043281662472,0.0,4.3158640273895985
0.1,162.76573,-21.021788345684016,0.0,4.261749536308136
0.1,160.53844,-19.91920091387467,0.0,4.204669377452221
0.1,158.50159,-18.938414437889236,0.0,4.144805715463769
[0.],156.74432,-18.108842665117795,0.0,4.082305517731905
[0.],155.22821,-17.39170164673557,0.0,4.017258464123122
0.1,153.88614,-16.750020080884997,0.0,3.9497056566232898
[0.],152.65085,-16.1510016038043,0.0,3.8796750680188814
0.1,151.45901,-15.56427298662604,0.0,3.8072029609135822
0.1,150.2712,-14.973983741756571,0.0,3.7323386479469667
[0.],149.08377,-14.383464786425256,0.0,3.6551429133500197
0.1,147.90108,-13.7959494109377,0.0,3.5756723783171838
0.1,146.72733,-13.213487392188377,0.0,3.4939764175737835
[0.06116541],145.5716,-12.64116960028466,0.0,3.4101030352547768
0.1,144.47229,-12.101639499291993,0.0,3.3240912225757806
[0.],143.51172,-11.64083432354683,0.0,3.2359653139243894
0.1,142.78189,-11.305145047994136,0.0,3.1457382701547805
0.1,142.37471,-11.14009394102302,0.0,3.0534258333585114
[0.],142.374,-11.186913832493538,0.0,2.959061405638941
0.1,142.8149,-11.458640986059057,0.0,2.8626946840712186
[0.02738493],143.65952,-11.929251993069789,0.0,2.7643964581345717
0.1,144.85385,-12.57075134691671,0.0,2.6642685305661478
[0.],146.34412,-13.356531384228933,0.0,2.562445975235868
0.1,148.0618,-14.250208222280724,0.0,2.459096478289236
[0.],149.8497,-15.16044613713553,0.0,2.3544206589835937
[0.0904929],151.41737,-15.921179562719091,0.0,2.2486533366629717
0.1,152.44493,-16.36465125284634,0.0,2.1420616543365667
[0.],152.61269,-16.329771217392743,0.0,2.034941177460407
[0.],151.64279,-15.68677918248818,0.0,1.9276014607090088
0.1,149.5073,-14.464471822772435,0.0,1.820361340700363
0.1,146.5532,-12.893702939293705,0.0,1.7135591638323333
[0.],143.21101,-11.197825193853257,0.0,1.6075512205198956
[0.],139.91132,7.373922584110841,0.0,1.5026938260275964
[0.],137.05608,7.298928971873731,0.0,1.3993357120608108
[0.],134.87526,7.211912843806752,0.0,1.2978272548266885
[0.],133.34096,7.140130925648318,0.0,1.1985296590504964
[0.],132.36816,7.084869152245492,0.0,1.1018162864920873
0.1,131.87227,7.042048820002062,0.0,1.008066853158734
0.1,131.76888,7.008661712099041,0.0,0.9176557685854392
0.1,131.97382,6.982795063937382,0.0,0.8309308700823537
[0.06082364],132.40282,6.963526188900809,0.0,0.7481869807410407
[0.],132.97125,6.95072244834487,0.0,0.6696490861441604
[0.],133.59402,6.944786461231518,0.0,0.5954719011524322
[0.],132.2482,7.11770828878876,0.0,0.5257546916576092
0.1,127.45348,7.368479771739554,0.0,0.46056120423414326
0,124.04352,7.209866734133852,0.0,0.3999329196942054
0,121.80867,7.111942245479405,0.0,0.3438902351362403
0,120.539276,7.054029955097895,0.0,0.29242981619760183
0,120.02566,7.019828147585872,0.0,0.24552710765302213
0,120.05818,6.998779648344913,0.0,0.2031391008994734
0,120.42731,6.985815801778532,0.0,0.16520444172685153
0,120.9236,6.979967833542649,0.0,0.13164148336547757
0,121.33774,6.982448763150341,0.0,0.10234550264591037
0,121.47442,6.994042170064382,0.0,0.07718607477520045
0,121.22192,7.010942361238891,0.0,0.0560052422415845
0,120.593864,7.025998335388266,8.333333333333334,0.03861801361701125
0,119.633415,7.036344436811096,0.0,0.02485128568683087
0,118.3922,7.040708177982126,0.0,0.014620709556619399
0,116.93692,7.03845707164473,0.0,0.0077561280610282364
0,115.342285,7.030222465856523,0.0,0.003740154076112696
0,113.67896,7.017699391562296,0.0,0.0017666724878449514
0,112.00927,7.002952812289662,0.0,0.001028197385735076
0,110.38498,6.988001140521881,0.0,0.0010255341089574017
0,108.85731,6.974751282968716,0.0,0.0017664924770175556
0,107.53119,6.966662711048901,0.0,0.0037933412037630273
0,106.599045,6.969996141299116,0.0,0.00804610849438085
0,106.26769,6.987996953638983,0.0,0.015628937268577853
0,106.7401,7.016898205973059,0.0,0.027575240288710282
0,108.17292,7.042592828076558,0.0,0.04468446332845572
0,110.45067,7.041879803422058,0.0,0.06745212117586875
0,113.04997,7.01115782758422,0.0,0.09607526837169988
0,115.35976,6.979149125934215,0.0,0.13050207197619626
0,116.772484,6.973740012621622,0.0,0.17049813431301256
0,116.76129,7.000247012241013,0.0,0.2157118883129762
0,115.26683,7.0273877751429215,0.0,0.26573018935649795
0,112.92916,7.019787116523879,0.0,0.32012118213444624
0,110.54513,6.989606077187866,0.0,0.3784648350181212
0,108.91305,6.9740641653893425,0.0,0.4403730207791283
0,108.75584,6.996663748963338,0.0,0.5055014394296993
0,110.33811,7.026848797505535,0.0,0.5735555571208413
0,113.23639,7.011871354868299,0.0,0.6442923938384625
0,116.87464,6.9512405356904985,0.0,0.7175196030437656
0,120.677216,6.879723270335184,0.0,0.793092928644819
0,124.10192,6.836349754109654,0.0,0.870912828807497
0,126.8057,6.836691289978819,0.0,0.950920827010455
0,128.74403,6.865585343584007,0.0,1.0330959823544992
0,129.93884,6.910264794555108,0.0,1.1174517538796482
0,130.41212,6.963045411516476,0.0,1.20403345805838
0.1,130.18593,7.0177608021443705,0.0,1.2929164471470733
[0.],129.28236,7.069135306682791,0.0,1.3842033243333933
0,127.723526,7.112314037122984,0.0,1.4780122841374153
0,125.53136,7.142466972946515,0.0,1.5744640244258972
0,122.72768,7.154400564821982,0.0,1.673684628602139
0,121.17344,7.071405803852045,0.0,1.7758186307133672
0,122.894806,6.920300082340378,0.0,1.8810449263825473
0,124.55558,6.911263157496589,0.0,1.9895933566316
0,126.14771,6.904449149918746,0.0,2.1017613629599676
0,127.663605,6.899852051803423,0.0,2.217929671569203
0,129.09622,6.897427324126469,0.0,2.338573656209536
0,130.43901,6.897101583154994,0.0,2.4642624595226246
[0.],131.68578,6.898791507576367,0.0,2.59563228597207
0.1,132.83022,6.902434011182965,0.0,2.7333196153376633
[0.],133.86522,6.908021927396564,0.0,2.8778521424118013
0.1,134.79448,6.914464569355806,0.0,3.0295152305480704
[0.],135.69408,6.91458981358315,0.0,3.188248304744148
0.1,136.74968,6.896582539991828,0.0,3.3536124110525556
[0.],138.16965,6.855587017870427,0.0,3.524822359544194
[0.],140.16064,-10.292703791384474,0.0,3.700818815026664
0.1,142.89746,-11.758653549358655,0.0,3.8803532830642293
0.1,146.36906,-13.605816272872456,0.0,4.062081627217816
0.1,150.28635,-15.653581615280798,0.0,4.2446297141433345
0.1,154.29875,-17.707566507481513,0.0,4.42661492465377
0.1,158.05606,-19.580526340073444,0.0,4.606647882584635
[0.],161.23404,-21.105098655219685,0.0,4.783331886370108
[0.],163.66322,-22.216679053128455,0.0,4.955268716315347
[0.],165.40605,-22.985367762611585,0.0,5.121089493163652
0.1,166.57706,-23.480976726851548,0.0,5.279512934493315
[0.],167.29161,-23.764292440190427,0.0,5.4293986050291
0.1,167.65744,-23.8896877035272,0.0,5.569764406549249
0.1,167.73175,-23.878284486306598,0.0,5.6997793456243295
[0.06261148],167.49533,-23.70821381993699,0.0,5.818747953212963
[0.],166.91237,-23.35927450727036,0.0,5.926075166287954
[0.],165.94743,-22.81446989691457,0.0,6.021239350003907
0.1,164.58415,-22.069605635806646,0.0,6.103799879049382
0.1,162.91898,-21.19187078876253,0.0,6.173426706239626
0.1,161.21753,-20.340155159199192,0.0,6.22990565499601
0.1,159.78328,-19.66914570085843,0.0,6.273105604041174
[0.],158.9199,-19.32780163388038,0.0,6.3029385130709406
[0.],158.89278,-19.442257669905096,0.0,6.319334296714391
0.1,159.73769,-19.998111762365234,0.0,6.3222516769290005
[0.],161.14622,-20.79147263842122,0.0,6.311719875678832
[0.],162.7338,-21.617180568401984,0.0,6.287861423544314
[0.],164.11624,-22.27955017453476,0.0,6.2508962255318075
[0.],164.94392,-22.606044609446315,0.0,6.201158245138499
[0.],165.07213,-22.556931049576903,0.0,6.139111986795809
0.1,164.66325,-22.265165962203184,0.0,6.065357197949889
[0.],163.94849,-21.858715281848077,0.0,5.980618341837534
0.1,163.15955,-21.453233288899625,0.0,5.885707826991276
0.1,162.52837,-21.163702768434437,0.0,5.781480521233058
[0.],162.28703,-21.105275687459013,0.0,5.668795409182737
[0.],162.66743,-21.394038260836442,0.0,5.548473052539297
0.1,163.90114,-22.147885320086257,0.0,5.421281436572523
[0.],166.21951,-23.4873072274788,0.0,5.287956388781504
0.1,168.29048,-24.489665288599745,0.0,5.1492117869868315
[0.],168.42044,-24.232051201107684,0.0,5.005736065144867
[0.],169.08694,-24.655836080236796,0.0,4.858188862721014
[0.04111059],170.0494,-25.188107521209425,0.0,4.707200594936468
0.1,171.06705,-25.70777202872899,0.0,4.553389483578313
[0.],171.89926,-26.093217583024668,0.0,4.3973713706434
[0.],172.30531,-26.2230666316344,0.0,4.239745327948668
[0.],172.0444,-25.97693386710856,0.0,4.0810812422905105
0.1,170.87569,-25.236234325891903,0.0,3.921930846891481
[0.],168.55832,-23.885204665651386,0.0,3.762840904845579
0.1,164.90593,-21.84853628793389,0.0,3.6043452974860255
0.1,160.05888,-19.260948455864728,0.0,3.446947342803262
0.1,154.64749,-16.515884805787326,6.666666666666667,3.291113232744294
[0.],149.41237,-13.98094491074278,0.0,3.137588645942693
0.1,145.10172,-12.00008310259651,0.0,2.9886023022081316
[0.01566658],142.39867,-10.877370853912074,0.0,2.847868640240117
0.1,141.5264,-10.663386921509709,0.0,2.7191527788899617
[0.],142.00656,-11.057973499394448,0.0,2.6053622450444776
[0.],143.19862,-11.737745768031912,0.0,2.508233273475771
[0.],144.45335,-12.376390780544652,0.0,2.428309514503433
0.1,145.15999,-12.666074476835632,0.0,2.365051187573408
0.1,144.98393,-12.470402784118058,0.0,2.3170022837127915
[0.],144.0103,-11.887306706108166,0.0,2.282010710003407
[0.],142.41383,-11.01896955859009,0.0,2.2575052482476705
[0.],140.36668,-9.952270761620282,0.0,2.2407996111296513
[0.],138.03856,7.248583039412975,0.0,2.229354939433174
[0.],135.58746,7.244502048572264,0.0,2.220947711824347
0.1,133.15388,7.2242837325732925,0.0,2.213744373734073
0.1,130.877,7.192219638618745,0.0,2.2063086461661303
[0.],128.89891,7.152413034808569,0.0,2.1975586848276674
0,127.359085,7.1088187333937,0.0,2.1866957752211533
0,126.367805,7.065334273439338,0.0,2.1731455854514206
0,125.99034,7.023883644003429,0.0,2.1565267434195095
0,126.283005,6.981530285031244,0.0,2.136630224072576
0,127.30337,6.9330237557866,0.0,2.113399154152645
0,129.08719,6.873505881264768,0.0,2.086907257352875
0,131.53381,6.8078448222107815,0.0,2.057336614313294
[0.],134.3374,6.7547152332561735,0.0,2.02495582633955
0.1,137.14691,6.728961947378639,0.0,1.9900994730526058
0.1,139.61177,6.742676149724064,0.0,1.953147438834426
0.1,141.40804,-10.902432651460565,0.0,1.914494408529845
[0.],142.37001,-11.294891157597439,0.0,1.8745100504886372
[0.],142.56906,-11.307578266166054,0.0,1.8335093417374106
[0.],142.12892,-11.013640547557483,0.0,1.7917498000757694
[0.],141.17293,-10.477873783735415,0.0,1.749453105403904
[0.],139.82433,7.14892804348,0.0,1.7068301271654178
[0.],138.20647,7.171891659447523,0.0,1.6640989215609434
0.1,136.44283,7.178650101427886,0.0,1.6214949417556466
[0.],134.65718,7.171224424578533,0.0,1.5792735813009096
[0.],132.97353,7.1521773231587025,0.0,1.5377000967673082
[0.],132.88512,7.0077357359565955,0.0,1.4970382829322213
0.1,135.50647,6.759885820351976,0.0,1.4575546145371194
[0.],137.4549,6.807591580839498,0.0,1.4195275119282578
0.1,138.82153,6.8582734286048685,0.0,1.3832469278683113
[0.],139.69774,6.906290174492527,0.0,1.3490091793020285
[0.],140.17503,-10.139478562907826,0.0,1.3171128298418564
0.1,140.34502,-10.191168880717049,0.0,1.2878512006178033
[0.],140.29927,-10.14460609321083,0.0,1.2615000977845925
[0.01651455],140.12901,-10.045837927187211,0.0,1.238279660054541
0.1,139.92451,7.022315131360355,0.0,1.2182978182893947
0.1,139.76852,7.016943550657814,0.0,1.2015068780590692
[0.],139.70561,7.006813149749069,0.0,1.1876823365345013
[0.],139.72401,6.998008538920327,0.0,1.1764287550316919
[0.],139.79817,6.991963190974099,0.0,1.1672210518024233
0.1,139.90149,6.988776509411167,0.0,1.159469391631298
[0.04161979],139.99855,6.989429816709968,0.0,1.1525795580283185
0.1,140.00319,-10.002100605790897,0.0,1.1459886963075454
0.1,139.75336,7.027158514884871,0.0,1.1391788581264954
[0.],139.07047,7.073330605535945,0.0,1.1316803269555802
[0.],137.77643,7.13527693321277,0.0,1.1230680840886278
[0.],135.72992,7.203784112416152,0.0,1.1129662342781053
0.1,133.00853,7.250784360513419,0.0,1.1010645952689555
[0.],130.01804,7.247319264435875,0.0,1.0871326015894216
[0.],127.23774,7.201539867877614,0.0,1.0710175064332979
0,125.147644,7.132324205109828,0.0,1.0526349024225854
0,124.17573,7.055652752588798,0.0,1.0319668864444445
0,124.43495,6.9855297660683915,0.0,1.009062226205005
0,125.56542,6.933732434627638,0.0,0.9840332335396105
0,127.10261,6.90182583278553,0.0,0.9570490316391195
0,128.58252,6.896991950916149,0.0,0.928326281744712
0,129.57695,6.926252875056417,0.0,0.8981185746886442
0,129.87,6.977588715948005,0.0,0.8667054912119788
0,129.5639,7.023401751822002,0.0,0.8343820656128742
0,128.83182,7.054605681367439,0.0,0.8014491412337048
0,127.84701,7.070368083915064,0.0,0.7682049092485993
0,126.77316,7.072599311857963,0.0,0.7349377749181547
0,125.71616,7.067145254383289,0.0,0.7019205902845926
0,124.69509,7.060692899463625,0.0,0.6694062199428423
0,123.70968,7.054589279074465,0.0,0.6376243587507423
0,122.75955,7.048837472181092,0.0,0.6067794905016488
0,121.84778,7.04327842219791,0.0,0.5770498596632571
0,120.99847,7.037081152758921,0.0,0.5485873206044712
0,120.26734,7.0293714194968295,0.0,0.5215179276197053
0,119.71703,7.020523355822754,0.0,0.4959431325857554
0,119.410034,7.010850638490572,0.0,0.47194146384148816
0,119.40862,7.000048642232572,0.0,0.4495705688273606
0,119.77496,6.98700516487692,0.0,0.42886951338047663
0,120.57101,6.969662516163301,0.0,0.4098612417603004
0,121.85857,6.944965867762507,0.0,0.39255511302323076
0,123.6993,6.908928686146403,0.0,0.37694944091690175
0,124.86722,6.934917772879694,0.0,0.3630339757534546
0,124.033676,7.047018148472088,0.0,0.3507922775328697
0,123.5798,7.024408427550427,0.0,0.34020393976469193
0,123.41654,7.008571501263418,0.0,0.33124663286289824
0,123.45471,6.998005710253094,0.0,0.3238979445868622
0,123.60502,6.9920887740399955,0.0,0.3181370027233066
0,123.77805,6.990776893657155,0.0,0.3139458720302438
0,123.88429,6.994275556673341,0.0,0.31131072339591387
0,123.83415,7.002707441512944,0.0,0.3102227782241497
0,123.53793,7.015782740216538,0.0,0.3106790352778437
0,122.91815,7.031842128169243,0.0,0.31268279064178106
0,121.97091,7.0455313443856316,0.0,0.3162439641603786
0,120.802765,7.050812377504282,0.0,0.32137924772792237
0,119.54477,7.047941196291675,0.0,0.3281120922235431
0,118.32793,7.0394768000371775,0.0,0.33647255075931026
0,117.27917,7.028419030379669,0.0,0.3464969963140716
0,116.501305,7.017639418240886,0.0,0.3582277318253937
0,116.06098,7.008661506802396,0.0,0.37171251047016163
0,116.01679,7.000815775402764,0.0,0.3870039832413246
0,116.4273,6.992045705689101,0.0,0.40415909008059697
0,117.33073,6.9795641656330965,0.0,0.4232384098046176
0,118.643364,6.963284188664018,0.0,0.44430548291297917
0,120.09868,6.949864394590845,0.0,0.46742612013025964
0,121.38948,6.947512688794417,0.0,0.4926677082482749
0,122.20857,6.962898864467125,0.0,0.5200985235290255
0,122.296875,6.995827355430138,0.0,0.5497870616309023
0,121.68422,7.02825849968628,0.0,0.5818013917511473
0,120.83374,7.036520432423179,0.0,0.6162085414556344
0,120.30489,7.0210959657648555,0.0,0.6530739175052716
0,120.657104,6.98608882725648,0.0,0.692460766898238
0,122.3874,6.92372431764939,0.0,0.7344296813365856
0,125.618286,6.823783925730183,0.0,0.7790381473978576
0,129.91057,6.702755267414098,5.0,0.8263451242383293
0,134.70186,6.591098920696675,0.0,0.8766152213830056
0.1,139.43689,6.52424325964537,0.0,0.9310051348784021
0.1,143.60646,-12.275212181584592,0.0,0.9915478592977068
[0.],146.92188,-13.868520762534711,0.0,1.0605396708962813
[0.],149.41718,-15.03284767146766,0.0,1.140123512234215
[0.],151.193,-15.835908140997828,0.0,1.2320612158492175
0.1,152.3431,-16.330285941590216,0.0,1.3376069710849325
0.1,152.95659,-16.56412664922407,0.0,1.4574192849518453
0.1,153.12968,-16.58920084391876,0.0,1.591495217090817
[0.],152.9732,-16.464579311476992,0.0,1.7391587945385323
[0.],152.59856,-16.24675535469037,0.0,1.8991413206341727
[0.],152.11511,-15.990220006154672,0.0,2.069744180079498
[0.],151.6322,-15.749337635893971,0.0,2.2490338175738516
0.1,151.26054,-15.579231748032596,0.0,2.4350125451340716
[0.],151.11302,-15.53633631110672,0.0,2.6257396698910003
[0.07822552],151.30495,-15.678730521448701,0.0,2.819393615485473
[0.],151.95377,-16.066242651996628,0.0,3.0142933104777896
[0.],152.66388,-16.43077363902723,0.0,3.2089044864035547
[0.],153.07388,-16.59449203233944,0.0,3.401839660538568
[0.],154.31635,-17.334705704335747,0.0,3.591867115816425
0.1,156.2597,-18.412241255446723,0.0,3.7779218611959497
[0.],158.77359,-19.7629713181424,0.0,3.95910807943739
0.1,161.7286,-21.321368199915092,0.0,4.134678691631731
[0.],164.99605,-23.020992211391345,0.0,4.304003289449291
[0.],168.44771,-24.795017453968875,0.0,4.466540849531317
[0.],171.95567,-26.57663275692176,0.0,4.621821001386711
0.1,175.39233,-28.299425254209034,0.0,4.769450817711357
[0.07596252],178.63834,-29.903027779352826,0.0,4.909128044439132
0.1,181.62204,-31.358962868577898,0.0,5.040630072199988
0.1,184.343,-32.68003085548329,0.0,5.16377653090185
0.1,186.81656,-33.87747522080329,0.0,5.278390538210004
0.1,189.05772,-34.959373250478905,0.0,5.384267445115123
0.1,191.0738,-35.928352591621135,0.0,5.481156069962799
0.1,192.82716,-36.75710748921663,0.0,5.568753174751278
0.1,194.21313,-37.38007317460374,0.0,5.646708601926299
0.1,195.11191,-37.73421625135605,0.0,5.714638021138363
0.1,195.40346,-37.759702042203486,0.0,5.772140709624915
[0.],194.9786,-37.40484603929659,0.0,5.818820502482321
0.1,193.79417,-36.66245292326523,0.0,5.854312111322376
[0.],191.90613,-35.58161107259593,0.0,5.878326412715028
[0.],189.39294,-34.207118469457946,0.0,5.890699909063965
0.1,186.33388,-32.57955408886757,0.0,5.891432753508593
[0.],182.82155,-30.748275472139234,0.0,5.880724331142584
[0.],179.02397,-28.811098755205176,0.0,5.858969481776546
[0.],175.22159,-26.926362578743174,0.0,5.826712315046465
[0.],171.72014,-25.2464003148458,0.0,5.784584832555054
0.1,168.82556,-23.918375458367287,0.0,5.733230222535717
[0.],166.81331,-23.07025747637114,0.0,5.673227764736949
0.1,165.77733,-22.71791160759361,0.0,5.605036387195485
0.1,165.53943,-22.73074080847959,0.0,5.528979717720079
[0.],165.8603,-22.9827394608675,0.0,5.445269987722236
[0.],166.50006,-23.355363071890707,0.0,5.354035467297923
0.1,167.23102,-23.736637146573482,0.0,5.255366392980346
0.1,167.90102,-24.06225905873804,0.0,5.149378589783435
[0.],168.4716,-24.331509195516528,0.0,5.036247702001894
0.1,168.9298,-24.542105462806255,0.0,4.916203738551341
[0.],169.26283,-24.68773127872484,0.0,4.789528728157418
[0.03024379],169.45462,-24.759816224181797,0.0,4.656562077186598
[0.],169.46785,-24.73616752180616,0.0,4.517704055478843
[0.],169.2332,-24.576835874586276,0.0,4.373427361376665
0.1,168.6747,-24.24302526494113,0.0,4.2242862645807575
[0.],167.7168,-23.697712012819203,0.0,4.070918218999927
0.1,166.28445,-22.904570861857145,0.0,3.9140230994219443
[0.],164.3029,-21.828006874462922,0.0,3.754332183586942
[0.06699541],161.69757,-20.43335944626785,0.0,3.5925829011684063
[0.],158.39388,-18.687167817820303,0.0,3.4295000491057097
0.1,154.31721,-16.557752206322213,0.0,3.2657888571011484
0.1,149.7241,-14.225788584065782,0.0,3.102131010690343
[0.],145.67741,-12.317385498311625,0.0,2.9391753056225407
[0.],142.99394,-11.173318795806065,0.0,2.7775171407750894
[0.],141.42189,-10.530034278359507,0.0,2.6176950432000186
0.1,140.70932,-10.274853428237286,0.0,2.4602108694211653
0.1,140.60423,-10.290464343484766,0.0,2.3055485473381228
[0.],140.85464,-10.455136857086647,0.0,2.1541700777159027
0.1,141.20848,-10.643836863821722,0.0,2.0064936044808674
0.1,141.41344,-10.729810974548608,0.0,1.862884083931393
0.1,141.21695,-10.586334809755364,0.0,1.7236544519866204
0.1,140.39001,-10.10298729260325,0.0,1.5890597697395001
0.1,138.84637,7.1666576479337145,0.0,1.4592927825935085
0.1,136.7141,7.218867829603827,0.0,1.33448670194343
0.1,134.16846,7.243211818048945,0.0,1.214724059745477
[0.],131.38438,7.242110494028225,0.0,1.100049128337172
0.1,128.53336,7.220350318663215,0.0,0.9904831357470008
0,125.76856,7.185182713855681,0.0,0.8860457902975548
0,123.21602,7.1443538796603425,0.0,0.7867744695883937
0,120.995804,7.103462759775555,0.0,0.6927353573781756
0,119.22831,7.066852788951933,0.0,0.6040329672405809
0,118.021706,7.037390354460742,0.0,0.520812204746066
0,117.408646,7.016355006285595,0.0,0.44325103696400464
0,117.30832,7.0025042204202546,0.0,0.3715467067449475
0,117.61505,6.992190896815633,0.0,0.3058988844629978
0,118.22359,6.983170922915244,0.0,0.2464924028585323
0,119.025246,6.975157235313889,0.0,0.19348134892429397
0,119.88896,6.969897612404794,0.0,0.14697556484785848
0,120.6499,6.970669503175795,0.0,0.1070300810464287
0,121.13578,6.979919086748305,0.0,0.07363764228397063
0,121.17429,6.998363723723166,0.0,0.04672425219613181
0,120.62254,7.022816749422877,0.0,0.026147515532230575
0,119.51434,7.041707758236155,0.0,0.011697472787148309
0,118.148544,7.043639084637274,0.0,0.003099578513742773
0,116.88279,7.032544955936363,0.0,1.945874149862799e-05
0,116.07451,7.016690081965694,0.0,0.0020690854010222736
0,116.04662,7.000517861475498,0.0,0.00881402035826106
0,116.915924,6.982038979382714,0.0,0.019781404488123176
0,118.49014,6.9581119396059545,0.0,0.0344683953274104
0,120.50814,6.92931122709132,0.0,0.05235078821018768
0,122.70859,6.902191749536546,0.0,0.07289158888932448
0,124.83649,6.885904396428946,0.0,0.0955493393131106
0,126.67577,6.886685449348713,0.0,0.11978603152496535
0,128.06888,6.905492582487415,0.0,0.1450744768423685
0,128.87114,6.942289390263844,0.0,0.1709050279562932
0,128.93771,6.995104917294968,0.0,0.19679157991674495
0,128.12364,7.058742163416513,0.0,0.22227680179689246
0,126.28382,7.12362771454813,0.0,0.2469365739311961
0,123.27305,7.173714808930179,0.0,0.27038362587586495
0,118.946014,7.182607604123976,0.0,0.29227038760473434
0,113.15731,7.106205162666211,0.0,0.3122910809709462
0,108.26828,6.949685607737013,0.0,0.33018309023802217
0,107.413666,6.97665528993064,0.0,0.3457276596710309
0,107.01372,6.987504696302485,0.0,0.358749972975136
0,107.02058,7.000222677569928,0.0,0.369118674001056
0,107.38632,7.0114504968669635,0.0,0.3767448908461025
0,108.06303,7.018973258080654,0.0,0.3815808265166437
0,109.0027,7.021667496637865,0.0,0.38361797893156363
0,110.15733,7.019357132257949,0.0,0.38288505147975577
0,111.4789,7.01261492711315,0.0,0.37944561282640554
0,112.91934,7.002543860252001,0.0,0.37339556140537733
0,114.42421,6.990630710008244,0.0,0.36486044623113195
0,115.90063,6.979313391588976,0.0,0.35399269148466894
0,117.19812,6.972761247131251,0.0,0.3409687679228428
0,118.153404,6.974698382684031,0.0,0.3259863496570605
0,118.6032,6.986580764787174,0.0,0.3092614903516435
0,118.40403,7.006059841860426,0.0,0.2910258484910434
0,117.53118,7.024337828041926,0.0,0.27152398712660153
0,116.13813,7.031200353036884,0.0,0.251010769490054
0,114.417946,7.0251120607695805,0.0,0.22974886809004613
0,112.5637,7.009741222342127,0.0,0.20800640141452897
0,110.757744,6.991379427011747,0.0,0.18605470916138014
0,109.118065,6.975959950566403,0.0,0.16416627401708156
0,107.66612,6.965259388567128,0.0,0.14261279539842095
0,106.40191,6.959051346698071,0.0,0.12166341825763816
0,105.32543,6.957007454192292,0.0,0.10158311801685968
0,104.437126,6.958727212494471,0.0,0.08263124092804545
0,103.73995,6.96384701477249,0.0,0.06506019763475021
0,103.24068,6.972037252818656,0.0,0.04911430642321648
0,102.9469,6.982727185489154,0.0,0.03502878157471012
0,102.86623,6.995150097240379,0.0,0.023028861350065773
0,103.01094,7.0086674531217765,0.0,0.013329069432505187
0,103.42114,7.023764105116231,0.0,0.006132603108452143
0,104.178734,7.040797348813828,0.0,0.001630841060938391
0,105.37488,7.05642438678569,0.0,2.9633704884854697e-06
0,107.10078,7.064740785493599,0.0,0.0014156761486561397
0,109.43322,7.057650955700761,0.0,0.0060230331559107
0,112.362625,7.026748721753222,0.0,0.01396634676519688
0,115.749794,6.972191170498668,0.0,0.025374180713434412
0,119.42676,6.904395461291823,0.0,0.04036241722467442
0,123.22556,6.83599296318707,0.0,0.05903439128073084
0,126.97985,6.7785834839230805,0.0,0.08148108504899992
0,130.53287,6.740839342338381,0.0,0.10778137574504389
0.1,133.74226,6.727788277744627,0.0,0.13800231988634382
[0.],136.46889,6.742368526239491,0.0,0.1721987562237071
[0.],138.57352,6.785585219490402,0.0,0.21040853362957943
0.1,139.91673,6.856403715398992,0.0,0.2526447885895205
[0.],140.35887,-10.22781937535693,0.0,0.29889217624141645
[0.],139.76004,7.06539877203118,0.0,0.34910224644921295
[0.],137.98012,7.188362869165963,0.0,0.4031878397370805
0.1,134.87874,7.305726595751455,0.0,0.46102487116053753
0.1,132.30083,7.231085189436108,0.0,0.5224583248063599
[0.],132.82652,6.954643787813863,0.0,0.587301426119645
[0.],133.81407,6.912326994052552,0.0,0.6553241283516763
0.1,135.11977,6.879246048075148,0.0,0.7262468413606935
[0.],136.59967,6.856667720944682,0.0,0.7997479956389104
[0.],138.10977,6.846892527336581,0.0,0.8754706730850963
[0.],139.50603,6.852485295792971,0.0,0.9530265837506124
0.1,140.6444,-10.446568526006448,0.0,1.0320093934785106
0.1,141.38106,-10.772925993277774,0.0,1.1120107891330548
[0.],141.57236,-10.807818849322006,0.0,1.1926234902289856
0.1,141.10356,-10.498927247653338,0.0,1.2734281516524821
[0.],140.03261,-9.89782828389417,0.0,1.3539859961194167
[0.],138.67653,7.145395607378829,0.0,1.4338408857149028
[0.],137.40988,7.1310055196752185,0.0,1.5125259716031991
0.1,136.60733,7.080541754286942,0.0,1.5895832837232569
0.1,136.60364,7.000366166936306,0.0,1.664584898710257
0.1,137.49301,6.910639235419283,0.0,1.737136230495059
[0.],139.00853,6.842335661084757,0.0,1.8068573183693395
[0.],140.80296,-10.596666959799574,0.0,1.8733620329492116
0.1,142.52893,-11.46057673354421,0.0,1.9362576865940608
[0.],143.86502,-12.08975593969356,0.0,1.9951667173049095
[0.],144.64569,-12.41685381771564,0.0,2.049741546529579
0.1,144.93913,-12.50530161982031,0.0,2.099670935532139
[0.],144.86572,-12.42390105128709,0.0,2.144693830652155
[0.],144.54617,-12.234241159131935,0.0,2.1846028832427327
[0.],144.09576,-11.993568621123925,0.0,2.2192402943730554
0.1,143.59575,-11.738186432653084,0.0,2.2485058276639447
[0.],143.07625,-11.476793143467663,0.0,2.2723660867388626
[0.],142.55627,-11.217458146794312,0.0,2.290846798975644
0.1,142.05515,-10.969768352910647,0.0,2.3040180405323647
[0.],141.59633,-10.745830875695159,0.0,2.3119920629765596
[0.],141.22737,-10.572014105248831,0.0,2.3149151307711984
0.1,141.0317,-10.49389757699388,0.0,2.312955670346893
0.1,141.1008,-10.558139141583192,0.0,2.306305536479315
0.1,141.52621,-10.811040488347645,0.0,2.295172482771009
[0.],142.39125,-11.29460195674919,0.0,2.2797542936145234
[0.],143.7302,-12.022201836926316,0.0,2.2602156997370177
0.1,145.5038,-12.96709295209228,0.0,2.2366898549598266
[0.],147.65633,-14.09976483914382,0.0,2.2093022530076016
[0.],150.13203,-15.391881040950267,0.0,2.1781852662041477
0.1,152.86346,-16.807103586836696,0.0,2.14348292926673
0.1,155.71283,-18.264691606354624,0.0,2.1053625267569203
0.1,158.43683,-19.623731801944146,0.0,2.064013161770718
[0.],160.76874,-20.742344568523713,0.0,2.019624206933037
0.1,162.44167,-21.483600171965502,0.0,1.9723651173139434
0.1,163.18849,-21.713102249181148,0.0,1.922385207701959
0.1,162.74193,-21.2997820203764,0.0,1.8698225763421827
0.1,160.83455,-20.117078336883466,0.0,1.814801580495526
[0.],157.1987,-18.045139411898987,0.0,1.7574271085952908
[0.],151.56644,-14.97535373636327,0.0,1.6977851189199546
[0.],145.57108,-12.001279030655155,0.0,1.6359596119416375
[0.],142.44424,-10.847634298277391,0.0,1.5720636099311471
[0.],141.26729,-10.499306437230558,0.0,1.5062649256805183
[0.],141.63867,-10.861322672087848,0.0,1.438798532291112
0.1,143.15747,-11.75428703401873,0.0,1.3699668434984416
[0.],145.42331,-12.984687020230483,0.0,1.3001297669007381
0.1,148.03635,-14.34881115106043,0.0,1.2296814566500136
[0.],150.59694,-15.637974610142804,0.0,1.159024369760116
[0.],152.70557,-16.643277857871905,0.0,1.0885504333749423
0.1,153.96268,-17.15901287015425,0.0,1.0186298773856137
[0.],154.00603,-17.009199384312577,0.0,0.9496121637506933
[0.],152.69766,-16.163863782728576,0.0,0.8818231584966075
[0.0681094],150.23596,-14.779837243649727,0.0,0.8155602255152772
[0.],146.89404,-13.009712829351496,0.0,0.7510955698102456
0.1,142.94495,-10.990430811429956,0.0,0.6886770838590334
0.1,138.65625,7.477003654891654,0.0,0.6285254283865459
0.1,134.26314,7.433341221889595,0.0,0.570828865586548
[0.],129.95213,7.36509306985066,0.0,0.5157336983876295
0,125.89856,7.283181216665259,0.0,0.463339723931322
0,122.27734,7.198727294539184,0.0,0.41370859254984416
0,119.24959,7.123271958123959,0.0,0.36688122064134304
0,116.89494,7.066771758064484,0.0,0.32289202381307563
0,115.17112,7.0317478995602265,0.0,0.28177563432359354
0,114.00893,7.012856380733224,0.0,0.24356739900851135
0,113.339386,7.004184018717162,0.0,0.20830000311791966
0,113.08604,7.000957689422954,0.0,0.17599825615673342
0,113.12609,6.9998716349510595,0.0,0.14667349685723552
0,113.26715,6.999478988614338,0.0,0.1203185422590164
0,113.30142,6.999857226282604,0.0,0.09690369829355139
0,113.02118,7.000981630452463,0.0,0.07637406428402914
0,112.2434,7.000486799757932,0.0,0.05864817657025776
0,110.93315,6.993224940875778,0.0,0.043617920310425315
0,109.277626,6.977351964060863,0.0,0.03114957133653912
0,107.51331,6.957809594397351,0.0,0.02108579544432075
0,105.8766,6.943433016571377,0.0,0.013248419310034652
0,104.58546,6.943028150553559,0.0,0.007441787672823125
0,103.74793,6.957017328665306,0.0,0.0034565304123872448
0,103.30725,6.975434167700238,0.0,0.0010735773315942135
0,103.16991,6.992065128498365,0.0,6.827559675078889e-05
0,103.24224,7.004195677645645,0.0,0.00021448340155886763
0,103.43702,7.011114480906245,0.0,0.0012885324832256147
0,103.70612,7.014918019196573,0.0,0.0030729709203845433
0,104.06015,7.0188598200600065,0.0,0.005360015681693177
0,104.5227,7.0233408390118335,0.0,0.007954661318669481
0,105.11721,7.027866151568603,0.0,0.010677406763776895
0,105.86705,7.031779282309691,0.0,0.013366576247555152
0,106.79546,7.034249607618385,0.0,0.015880222797592342
0,107.92561,7.034270886549909,0.0,0.018097613594485383
0,109.28057,7.030672488909785,0.0,0.019920305648575366
0,110.88333,7.022144124106665,0.0,0.02127282787667955
0,114.39224,6.997943427524767,0.0,0.02210299178014577
0,120.284966,6.854534383291445,0.0,0.022381857657050808
0,123.12818,6.872449109054082,0.0,0.02210338674069169
0,123.47252,6.982205002103958,0.0,0.021283811972634847
0,121.868546,7.078627228402676,0.0,0.019960761425847417
0,118.8668,7.11690858413397,0.0,0.01819216882642673
0,115.01777,7.087979306842544,0.0,0.016055005314021306
0,110.87191,7.009247971579389,0.0,0.013643865657280454
0,106.97966,6.919153368373453,0.0,0.011069440720844924
0,103.89142,6.867747773845375,0.0,0.008456906173556912
0,102.098145,6.893260234536393,0.0,0.00594425533282279
0,101.73421,6.9755196207450405,0.0,0.003680601745242113
0,102.399124,7.043997630150345,0.0,0.001824474685577253
0,103.57355,7.06995698280598,0.0,0.0005421282808496224
0,104.73812,7.059859908765518,0.0,5.88248925276812e-06
0,105.41791,7.030684721768759,0.0,0.00039251173043566444
0,105.40466,6.999431456964572,0.0,0.0018816946113279726
0,104.89012,6.977014100550642,0.0,0.004654535948644141
0,104.15493,6.964057856974954,0.0,0.008892170177055698
0,103.47971,6.963720654783872,0.0,0.014774453265878187
0,103.1254,6.979689436612963,0.0,0.022478748456781515
0,103.23459,7.006353348361968,0.0,0.032178809485688555
0,103.77247,7.030075062498415,0.0,0.04404376346504902
0,104.66477,7.045476960859777,0.0,0.0582371942763277
0,105.83726,7.051577142357111,0.0,0.07491632615282609
0,107.19918,7.0486077840749415,0.0,0.09423130611333205
0,108.56083,7.036875777964554,0.0,0.11632458303074371
0,109.58409,7.020253327806083,0.0,0.14133038037731885
0,109.89786,7.004958792057026,0.0,0.16937425907112086
0,109.13102,6.986849472056387,0.0,0.2005727663464752
0,106.98033,6.94405392994785,0.0,0.23503316617515366
0,103.549675,6.849135282139645,0.0,0.2728532464649429
0,99.55362,-10.503240051519828,0.0,0.3141211980487502
0,95.84242,-12.450510234880843,0.0,0.3589155603407804
0,93.266365,-13.694607176541275,0.0,0.4073052284685449
0,92.58696,-13.803168853078983,0.0,0.4593495166813647
0,94.03297,-12.783018290704259,0.0,0.5150982728802546
0,97.03408,-11.127198892434766,0.0,0.5745920392031186
0,100.842415,7.343198706820161,0.0,0.6378622537261476
0,104.71009,7.236604804358419,0.0,0.704931488501134
0,107.94584,7.119665162585051,0.0,0.7758137193330917
0,110.19794,7.044644050631159,0.0,0.8505146229080771
0,111.624,7.012856113671155,0.0,0.9290318971030205
0,112.49482,7.0022053166667915,0.0,1.0113556005422177
0,113.08122,6.99913354860469,0.0,1.0974685077074264
0,113.65402,6.997358541674621,0.0,1.1873464761539203
0,114.484055,6.993078254379706,0.0,1.2809588226336144
0,115.842155,6.980963854286493,0.0,1.3782687051730615
0,117.99918,6.950809778836165,0.0,1.4792335083984884
0,121.226006,6.885388430643181,0.0,1.5838052296397906
0,126.19645,6.735173474017515,0.0,1.6919308635774757
0,132.30994,6.543590169310828,0.0,1.8035527834228227
[0.],136.49431,6.614088398269001,0.0,1.9186091168363966
0.1,139.0558,6.737131048787413,0.0,2.037034075770813
[0.],140.3006,-10.284906311168424,0.0,2.1587558358916583
0.1,140.5348,-10.293216256368005,0.0,2.2836814092559554
0.1,140.06433,-9.980467263183689,0.0,2.4116756821727705
[0.],139.19466,7.093925220057625,0.0,2.5425434162105427
0.1,138.2308,7.101569643638582,0.0,2.676005087860174
[0.],137.4772,7.077525649718261,0.0,2.8116880383615954
0.1,137.2163,7.026447793440921,0.0,2.949133290925606
[0.],137.60133,6.960896969159303,0.0,3.0878062548306717
0.1,138.59207,6.897374500990447,0.0,3.2271102724403917
0.1,140.1051,-10.214747092436756,0.0,3.3663988608749884
[0.],142.05693,-11.247131757093065,0.0,3.504985877593416
[0.],144.36003,-12.451117035694827,0.0,3.6421408652576153
[0.],146.90347,-13.766760880003414,0.0,3.7770983178564075
[0.],149.54144,-15.11384269361134,0.0,3.909095227032744
[0.],152.12071,-16.411069066844178,0.0,4.037413986094184
0.1,154.48856,-17.578774300055507,0.0,4.161415791962834
[0.],156.5047,-18.54615117202805,0.0,4.280558746087195
[0.],158.10065,-19.288500198290368,0.0,4.394388455845186
[0.09640057],159.31497,-19.841916585841663,0.0,4.502518056841201
0.1,160.21034,-20.242886172835796,0.0,4.6046260097263305
0.1,160.8497,-20.524071001929464,0.0,4.7004436264080764
[0.],161.29448,-20.716687829631955,0.0,4.789717012873528
[0.],161.59584,-20.845172871142807,0.0,4.872170742893255
0.1,161.78964,-20.92529263432442,0.0,4.947505883691642
[0.],161.9083,-20.97283510589117,0.0,5.015432337918111
[0.],161.9843,-21.004131195967265,0.0,5.0756899344881035
[0.],162.04195,-21.030068429893063,0.0,5.128056448277266
[0.04877595],162.05577,-21.030068321542572,0.0,5.172370434275929
[0.],161.92567,-20.94231632178925,0.0,5.208554590693057
0.1,161.53535,-20.70628152081843,0.0,5.236620848549193
[0.],160.76889,-20.26466092509673,0.0,5.256660748868368
0.1,159.52997,-19.57356477413401,0.0,5.268823966403106
0.1,157.83769,-18.661903746109594,0.0,5.273293139478698
0.1,155.88419,-17.65221205801172,0.0,5.270262671333022
[0.],153.89989,-16.663177918417677,0.0,5.259904955494752
[0.],152.11488,-15.806381290926021,0.0,5.24234287154027
0.1,150.73834,-15.18019407937037,0.0,5.217657025445655
0.1,149.85529,-14.808603576864929,0.0,5.185924448885439
0.1,149.36491,-14.617106426542426,0.0,5.147238832361618
[0.],149.12509,-14.530783429931684,0.0,5.101694916653194
[0.],148.99356,-14.479415593738183,0.0,5.049368411186595
0.1,148.8279,-14.392135633156236,0.0,4.990324679559736
0.1,148.48575,-14.198019833763993,0.0,4.924654998867032
0.1,147.82486,-13.826562856651412,0.0,4.852492991846063
0.1,146.70317,-13.208204586709888,0.0,4.773995685444326
[0.],144.97856,-12.274773601378502,0.0,4.689317324959751
[0.],144.8648,-12.418513414234072,0.0,4.598595366037582
[0.],148.26723,-14.56275483345612,0.0,4.5019661760281275
0.1,149.86897,-15.145966028852177,0.0,4.3996075783840345
[0.],149.99037,-15.011450169843988,0.0,4.291774736774524
[0.],148.95215,-14.33804331783676,0.0,4.178803214925918
0.1,147.07553,-13.294573325599503,0.0,4.061095509216438
0.1,144.68205,-12.043116735315508,0.0,3.9391183829177665
[0.],142.09364,-10.740936663186876,0.0,3.8133861056540894
[0.],139.63239,7.274252448734483,0.0,3.6844237230414336
[0.],137.62036,7.211505361579538,0.0,3.552749403633992
0.1,136.3539,7.127012049091787,0.0,3.4188869650608273
[0.],135.975,7.037055118049313,0.0,3.2833804365032737
0.1,136.39401,6.958997280444263,0.0,3.146786777197796
[0.],137.46985,6.892281044543958,0.0,3.0096575277132054
[0.],139.06146,6.834351872082219,0.0,2.872524216623997
0.1,141.02078,-10.72425278982402,0.0,2.7358898668392366
[0.],143.15819,-11.824379553322231,0.0,2.600235557239119
[0.],145.22186,-12.859078743039898,0.0,2.466018704243795
0.1,146.94608,-13.688523247254693,0.0,2.333666179608948
[0.],148.06502,-14.176180804815681,0.0,2.203578979279655
[0.00963929],148.34077,-14.206244920153454,0.0,2.0761293312574085
0.1,147.70268,-13.76863536649065,0.0,1.951653651426326
[0.],146.33115,-12.991067080751533,0.0,1.830455939248901
[0.],144.46228,-12.000739925766688,0.0,1.7128048758315422
0.1,142.332,-10.914192633444083,0.0,1.5989294313536555
[0.],140.15228,-9.830989248598534,0.0,1.4890256200496241
0.1,137.99174,7.229886622549905,0.0,1.3832570418442822
0.1,135.70404,7.2284484217876,0.0,1.2817503967356847
[0.],133.09491,7.240696724893703,0.0,1.1845923137744334
0.1,129.96979,7.258649002949769,0.0,1.0918222422789443
0,126.1703,7.267504927784061,0.0,1.0034357961222913
0,121.75711,7.239823845575675,0.0,0.9193955613451978
0,117.11958,7.160764680766928,0.0,0.8396422704528205
0,112.72012,7.055739618944951,0.0,0.7641109007409063
0,109.02118,6.9655273029968505,0.0,0.6927433521137566
0,106.44361,6.927742958147192,0.0,0.6254935390784665
0,105.157715,6.948107165544414,0.0,0.5623263422362091
0,104.95776,6.990948181670099,0.0,0.503212868011867
0,105.5547,7.026233557290882,0.0,0.448124092581857
0,106.659645,7.042372207126953,0.0,0.3970243453988001
0,107.99547,7.0407899008693375,0.0,0.34986553256949693
0,109.354614,7.030172603434178,0.0,0.30658258222342993
0,110.63377,7.018323127590056,0.0,0.26709030631866193
0,111.752846,7.008281300684902,0.0,0.23128168810526759
0,112.63168,7.001578446449898,0.0,0.199027492831162
0,113.19008,6.9988016735429515,0.0,0.17017703776555404
0,113.34776,6.99935618151232,0.0,0.14455992903172737
0,113.02437,7.001175955494757,0.0,0.12198856516803024
0,112.1394,7.0003087538616064,0.0,0.10226121279856668
0,110.61227,6.990268422803353,0.0,0.08516547305876634
0,112.272835,7.00996040372688,0.0,0.07048197508708864
0,119.822105,6.862602284997342,0.0,0.05798815275821319
0,123.37811,6.842191229500361,0.0,0.047461981460290646
0,123.6929,6.9834243085697745,0.0,0.038685572166021163
0,121.51838,7.105976665336085,0.0,0.03144853969157821
0,117.60636,7.137957600165225,0.0,0.02555108046671657
0,112.708534,7.067912254245011,0.0,0.02080671208678258
0,107.57649,6.930122298389316,0.0,0.01704464222078698
0,102.96172,6.796854603406106,0.0,0.014111748023668082
0,99.61563,-10.433072230715663,0.0,0.011874159021069678
0,98.201805,-11.026672395543129,0.0,0.010218446523453124
0,98.85746,-10.510127771661292,0.0,0.009052431043286971
0,100.930244,7.171045608604551,0.0,0.008305626023039043
0,103.592316,7.172536977499227,0.0,0.007929341543394879
0,106.015785,7.113956602400078,0.0,0.007896475696438865
0,107.45282,7.0492971518894345,0.0,0.008201024113135436
0,107.63632,7.005351093942047,0.0,0.008857339868522811
0,107.02035,6.981200162189006,0.0,0.009899176792345003
0,106.21916,6.9719351816258905,0.0,0.01137854922500632
0,105.846985,6.985551251414685,0.0,0.013364440610291576
0,106.45508,7.023141435121696,0.0,0.015941392130667597
0,108.216896,7.053720780811992,0.0,0.019208000982036833
0,110.73925,7.043897290586458,0.0,0.02327535595526372
0,113.50302,7.006167878121246,0.0,0.028265435833612598
0,115.98907,6.970553673702837,0.0,0.03430949380846661
0,117.72757,6.960870536297436,0.0,0.041546448729742926
0,118.54475,6.976558750574309,0.0,0.05012130160038168
0,118.71087,6.994849037183231,0.0,0.06018359334488135
0,118.59486,7.003610961752552,0.0,0.07188591756909203
0,118.56564,7.000899272925964,0.0,0.08538249981298777
0,118.95934,6.9875440116896685,0.0,0.10082785270379131
0,119.91521,6.966773924423047,0.0,0.11837551446001185
0,121.277145,6.945518360746198,0.0,0.13817687638901935
0,122.82348,6.928292566329865,0.0,0.16038010336876363
0,124.33251,6.9202867658617695,0.0,0.18512914980972617
0,125.60056,6.925839720272415,0.0,0.21256287225637505
0,126.53213,6.941467935023297,0.0,0.24281423860439655
0,127.1939,6.956382881525185,0.0,0.27600963287557906
0,127.68864,6.966305786421372,0.0,0.31226825359952504
0,128.1191,6.9699371078572,0.0,0.3517016030923752
0,128.5835,6.966794562194291,0.0,0.39441306428840106
0,129.15303,6.958200034238835,0.0,0.4404975612618013
0,129.85817,6.94662250182396,0.0,0.49004129916328654
0,130.7204,6.93233041641553,0.0,0.5431215789801396
[0.],131.7612,6.914869351624647,0.0,0.5998066822995247
[0.],133.00206,6.893700383006569,0.0,0.6601558211042414
0.1,134.46448,6.868205570012611,0.0,0.724219123905392
[0.],136.16994,6.8377004769297764,0.0,0.7920361795169172
0.1,138.13986,6.801458153642671,0.0,0.863626414250557
0.1,140.39545,-10.43898164439874,0.0,0.9389750068313106
[0.],142.097,-11.239900762825393,0.0,1.0180196560434691
[0.],142.35547,-11.207493719117641,0.0,1.1006325840886972
0.1,142.80444,-11.454335020304987,0.0,1.1866134157636277
0.1,143.4349,-11.791528528524214,0.0,1.275700304290608
[0.],144.23766,-12.21463344700115,0.0,1.3675771177009264
0.1,145.20317,-12.718990067714891,0.0,1.461866289787277
[0.],146.3217,-13.299762936904289,0.0,1.558127764817836
[0.],147.58327,-13.951955370498062,0.0,1.6558670524041523
[0.],148.9778,-14.670488456585941,0.0,1.754547155325348
0.1,150.49525,-15.450278844977873,0.0,1.853613585285005
0.1,152.12613,-16.28654364199475,0.0,1.952520723126904
0.1,153.86288,-17.175673503207207,0.0,2.050738784641708
0.1,155.70068,-18.115528322087947,0.0,2.147736632766997
[0.],157.63518,-19.103929020979564,0.0,2.2429592273332806
0.1,159.66188,-20.138521323207105,0.0,2.3358139421531225
[0.],161.76205,-21.20760866834527,0.0,2.42567853289026
[0.],163.83286,-22.245919320375194,0.0,2.511921714903706
0.1,165.64534,-23.116898599019464,0.0,2.59392531058917
[0.],166.94281,-23.685255055128263,0.0,2.6711151033757057
[0.],167.469,-23.821970940646505,0.0,2.7429776296641544
[0.],167.01451,-23.431676784745605,0.0,2.8090651265579543
[0.],165.64914,-22.599447460001734,0.0,2.8690111178022812
[0.],163.86125,-21.640344012487564,0.0,2.922547942610855
0.1,162.2328,-20.856603785979953,0.0,2.9695172168424855
[0.],161.3464,-20.53368830178477,0.0,3.0098695154681296
[0.],161.73592,-20.92909790508807,0.0,3.043643651827587
[0.02237744],163.63982,-22.12249135891758,0.0,3.0709401157576046
[0.],166.85315,-23.950809191616745,0.0,3.091913686929017
0.1,171.07262,-26.248868108557705,0.0,3.106772323401494
[0.],175.99521,-28.860694926530915,0.0,3.1157716810917724
[0.],181.29564,-31.61174155433374,0.0,3.1191971982478295
[0.],186.51422,-34.237594521116904,0.0,3.1173444391176117
[0.],190.98967,-36.35807056120463,0.0,3.110519781535414
[0.],194.0159,-37.602368965307264,0.0,3.099049536002531
[0.],194.887,-37.61610905903071,0.0,3.0832864326368368
0.1,193.00906,-36.13323826933697,0.0,3.063611313715927
0.1,188.45967,-33.34369272579104,0.0,3.040428057360205
0.1,182.32338,-29.999111909352102,0.0,3.0141396952327986
0.1,175.90828,-26.783961336092133,0.0,2.985106646636599
0.1,170.52202,-24.31897235229203,0.0,2.9536105930973817
0.1,167.34833,-23.138308457109993,0.0,2.9198346463964358
0.1,166.83109,-23.329649029558755,0.0,2.8838585042375824
0.1,168.30472,-24.39815180888784,0.0,2.8456644212918265
0.1,170.85658,-25.86159751252319,0.0,2.8051499596065406
[0.],173.57346,-27.258242401843763,0.0,2.7621444264406825
0.1,175.5416,-28.118610387511325,0.0,2.716429294499296
0.1,175.84705,-27.97795572429833,0.0,2.667771086504004
[0.],173.57578,-26.38604921462038,0.0,2.6159533652709643
0.1,167.81383,-22.91944122212493,0.0,2.56078847327102
[0.],157.64748,-17.20881820944303,0.0,2.5021304845367762
[0.],150.90169,-14.484915860072123,0.0,2.4398903586157754
[0.],156.84334,-19.267673625566644,0.0,2.3740468291409282
[0.],160.39656,-20.737297503591776,0.0,2.3046640228947086
0.1,161.94144,-21.212197638523712,0.0,2.231904926665898
[0.],161.85873,-20.916334404551307,0.0,2.156031496776241
[0.],160.52989,-20.057173420598353,0.0,2.077384164896227
[0.],158.3368,-18.83241231154189,0.0,1.9963555229411925
[0.],155.66177,-17.433242254927293,0.0,1.9133794385034484
[0.08509499],152.88744,-16.046265998865177,0.0,1.8289262681969352
[0.],150.3968,-14.855338538257017,0.0,1.7434942389787693
[0.],148.53407,-14.019418885600286,0.0,1.6575897194565359
0.1,147.40929,-13.558988936893146,0.0,1.5717065676467419
[0.02317569],146.78113,-13.310519619997812,0.0,1.4863177072244556
[0.],146.33008,-13.108149226663748,0.0,1.4018635074168673
0.1,145.73651,-12.79414301952059,0.0,1.3187386166438824
[0.],144.70436,-12.225381770584958,0.0,1.237291483521044
0.1,143.08038,-11.346144867684085,0.0,1.1578239806551163
[0.],140.92548,-10.21594464760882,0.0,1.0805892430076387
[0.],138.34796,7.27838372220376,0.0,1.0057926026476087
0.1,135.45587,7.2892469513654685,0.0,0.9335954785723257
0.1,132.36171,7.280536048260255,0.0,0.8641268893114509
0.1,129.2059,7.2530367942764595,0.0,0.7974869831299758
0,126.17084,7.209421857199011,0.0,0.7337390211380229
0,123.447914,7.157464054931295,0.0,0.6729041326372391
0,121.228134,7.105650624724608,0.0,0.6149698799454972
0,119.67566,7.061097933661864,0.0,0.5599095563481958
0,118.79502,7.029793035694714,0.0,0.5076985200406254
0,118.351425,7.013641109596501,0.0,0.4583223888932906
0,118.05713,7.008538084914905,0.0,0.4117783187896706
0,117.62466,7.011798284796949,0.0,0.3680718416941129
0,116.80241,7.019942835197106,0.0,0.32721145281524266
0,115.55253,7.023931182880465,0.0,0.2892025321458077
0,114.15768,7.017341034713365,0.0,0.2540416207126362
0,112.9718,7.006712366314554,0.0,0.22171163612492567
0,112.34896,7.000486308222805,0.0,0.19217830614414816
0,112.59567,7.000061129674463,0.0,0.16538789752124938
0,113.73311,6.996004928238061,0.0,0.14126619192638848
0,115.354355,6.982467605403447,0.0,0.11971858781321806
0,116.95732,6.969489879389225,0.0,0.10063116896613972
0,118.03983,6.972253334256493,0.0,0.08387256501180232
0,118.15107,6.99683025764036,0.0,0.0692964280677357
0,117.14875,7.026422351122721,0.0,0.056744357488380096
0,115.353485,7.035017184214225,0.0,0.046049117779716334
0,113.18863,7.020302428785611,0.0,0.03703801084968124
0,111.07743,6.995468447116629,0.0,0.029536281302395807
0,109.44301,6.979118122126223,0.0,0.02337045144175156
0,108.70835,6.9854756606978885,0.0,0.01837150032748941
0,109.296326,7.011883040279827,0.0,0.014377818149163073
0,111.62969,7.027105018131559,0.0,0.011237883025016077
0,116.1311,6.967452510339336,0.0,0.008812621878079567
0,121.50119,6.829513150011353,0.0,0.006977430155666321
0,125.02873,6.818407776138124,0.0,0.005623836769864134
0,127.643974,6.832996799286539,0.0,0.004660810724892366
0,129.43213,6.87093864830229,0.0,0.004015714482442262
0,130.4783,6.919129760168831,0.0,0.0036349162510377316
[0.],130.8676,6.968923960048919,0.0,0.0034840791480530943
[0.],130.68497,7.014644914844533,0.0,0.0035481496703947467
[0.],130.01535,7.05269638700855,0.0,0.0038310712324632562
0.1,128.94365,7.081022899082105,0.0,0.004355249022191934
0,127.55466,7.098779334963461,0.0,0.005160679175865331
0,125.953354,7.1048595285152585,0.0,0.006303164591215907
0,124.366066,7.094049197751647,0.0,0.007851741295903717
0,123.20126,7.062524732018483,0.0,0.009886360948460559
0,122.90777,7.014865425266637,0.0,0.01249588788469884
0,123.934364,6.946434521285912,0.0,0.015776301753292202
0,126.64806,6.8378423384526235,0.0,0.01982913146282848
0,130.92552,6.687610886051143,0.0,0.024760134986829177
[0.],135.90784,6.5564888841238345,0.0,0.03067820744101711
0.1,140.57271,-10.771254798552457,0.0,0.03769447611493909
[0.],143.8979,-12.331785350813842,0.0,0.0459211880034132
0.1,144.96764,-12.613118107343174,0.0,0.05546853127216856
[0.],143.50478,-11.57630580718195,0.0,0.06643962410647122
0.1,140.19003,-9.716828553106764,0.0,0.07892519938621484
[0.],135.91676,7.441897785872051,0.0,0.09299828437301012
[0.],131.57805,7.390979058452576,0.0,0.10870966369955505
[0.],128.00237,7.27415321302831,0.0,0.12608452222816657
0,125.632225,7.155752944728322,0.0,0.14512372959392578
0,124.33137,7.076157668728605,0.0,0.16580832662926742
0,123.835075,7.027253018607459,0.0,0.1881049503484149
0,123.87886,6.997636261710537,0.0,0.21197114512264853
0,124.2074,6.982012794420966,0.0,0.237360082636819
0,124.61896,6.976846370820238,0.0,0.2642244973381551
0,124.99205,6.97841866043252,0.0,0.29251980099737074
0,125.22325,6.986347024980659,0.0,0.32220642505308417
0,125.209335,7.00082758207994,0.0,0.3532514806073759
0,124.85971,7.020544775509867,0.0,0.3856298406698243
0,124.1582,7.039737069349474,0.0,0.41932474882445914
0,123.20021,7.05101169277467,0.0,0.45432805015562183
0,122.106026,7.053563100193103,0.0,0.4906401284616748
0,120.99603,7.049079410260932,0.0,0.5282696210923344
0,119.98554,7.039950597456876,0.0,0.5672329705605587
0,119.15901,7.029243157153823,0.0,0.6075538610724778
0,118.55456,7.019389182201589,0.0,0.6492625785364676
0,118.200005,7.010576053023432,0.0,0.6923953244760737
0,118.123215,7.00221221020885,0.0,0.7369935074854822
0,118.35206,6.993324675636491,0.0,0.7831030302879621
0,118.914406,6.982549260307448,0.0,0.8307735859284635
0,119.83811,6.968150496058827,0.0,0.8800579729994268
0,121.151024,6.948074917491575,0.0,0.9310114369197341
0,122.880974,6.920037788533814,0.0,0.98369104203752
0,125.47987,6.856324499795321,0.0,1.0381550775942845
0,128.643,6.789242191408515,0.0,1.0944624992768262
